,zipcode,count,amusement arcade,amusement device permanent,amusement device portable,amusement device temporary,auction house premises,auctioneer,bingo game operator,booting company,cabaret,catering establishment,cigarette retail dealer,commercial lessor,dealer in products,debt collection agency,electronic & appliance service,electronics store,employment agency,games of chance,gaming cafe,garage,garage and parking lot,general vendor,general vendor distributor,home improvement contractor,home improvement salesperson,horse drawn cab owner,horse drawn driver,laundries,laundry,laundry jobber,locksmith,locksmith apprentice,motion picture projectionist,newsstand,parking lot,pawnbroker,pedicab business,pedicab driver,pool or billiard room,process server individual,process serving agency,scale dealer repairer,scrap metal processor,secondhand dealer - auto,secondhand dealer - firearms,secondhand dealer - general,sidewalk cafe,sightseeing bus,special sale,stoop line stand,storage warehouse,ticket seller,tow truck company,tow truck driver,tow truck exemption
0,10001,596,0.0,0.0,0.0,0.0,3.0,0.0,0.0,0.0,2.0,1.0,98.0,0.0,2.0,5.0,29.0,50.0,24.0,4.0,0.0,24.0,1.0,9.0,0.0,111.0,64.0,0.0,4.0,1.0,2.0,12.0,8.0,0.0,3.0,22.0,13.0,1.0,2.0,7.0,1.0,2.0,2.0,0.0,0.0,1.0,0.0,54.0,10.0,0.0,0.0,13.0,0.0,9.0,0.0,2.0,0.0
1,10002,563,0.0,0.0,0.0,0.0,0.0,0.0,0.0,0.0,5.0,2.0,77.0,0.0,6.0,0.0,24.0,57.0,16.0,0.0,6.0,6.0,2.0,57.0,0.0,56.0,54.0,0.0,2.0,0.0,25.0,12.0,19.0,0.0,1.0,3.0,7.0,5.0,0.0,1.0,0.0,0.0,0.0,0.0,0.0,0.0,0.0,36.0,15.0,0.0,0.0,53.0,0.0,9.0,2.0,5.0,0.0
2,10003,525,1.0,0.0,0.0,0.0,1.0,2.0,0.0,0.0,1.0,0.0,79.0,0.0,3.0,2.0,16.0,20.0,6.0,4.0,0.0,36.0,2.0,12.0,0.0,44.0,38.0,0.0,1.0,2.0,13.0,48.0,13.0,0.0,2.0,11.0,4.0,0.0,0.0,2.0,1.0,3.0,0.0,0.0,0.0,0.0,0.0,49.0,86.0,0.0,0.0,21.0,0.0,2.0,0.0,0.0,0.0
3,10004,88,0.0,1.0,0.0,0.0,0.0,0.0,0.0,0.0,0.0,0.0,25.0,0.0,1.0,3.0,3.0,2.0,4.0,1.0,0.0,6.0,0.0,0.0,0.0,13.0,7.0,0.0,0.0,0.0,0.0,3.0,2.0,0.0,0.0,6.0,0.0,0.0,0.0,1.0,0.0,1.0,0.0,0.0,0.0,0.0,0.0,4.0,2.0,0.0,0.0,3.0,0.0,0.0,0.0,0.0,0.0
4,10005,72,0.0,0.0,0.0,0.0,0.0,0.0,0.0,0.0,0.0,0.0,22.0,0.0,1.0,2.0,2.0,2.0,1.0,0.0,0.0,3.0,1.0,0.0,0.0,11.0,6.0,0.0,0.0,1.0,0.0,2.0,0.0,0.0,0.0,10.0,0.0,1.0,0.0,0.0,1.0,0.0,0.0,0.0,0.0,0.0,0.0,6.0,0.0,0.0,0.0,0.0,0.0,0.0,0.0,0.0,0.0
5,10006,34,0.0,0.0,0.0,0.0,0.0,0.0,0.0,0.0,0.0,0.0,8.0,0.0,0.0,4.0,0.0,0.0,0.0,0.0,0.0,1.0,0.0,0.0,0.0,3.0,2.0,0.0,0.0,0.0,0.0,2.0,1.0,0.0,0.0,1.0,3.0,0.0,1.0,1.0,0.0,0.0,0.0,0.0,0.0,0.0,0.0,3.0,2.0,0.0,0.0,2.0,0.0,0.0,0.0,0.0,0.0
6,10007,134,0.0,0.0,0.0,0.0,0.0,3.0,0.0,0.0,2.0,0.0,38.0,0.0,0.0,1.0,3.0,12.0,3.0,0.0,0.0,7.0,1.0,0.0,0.0,11.0,7.0,0.0,0.0,0.0,0.0,3.0,0.0,0.0,2.0,10.0,1.0,0.0,0.0,0.0,0.0,0.0,9.0,0.0,0.0,0.0,0.0,13.0,4.0,0.0,0.0,4.0,0.0,0.0,0.0,0.0,0.0
7,10009,294,0.0,0.0,0.0,0.0,0.0,0.0,0.0,0.0,1.0,0.0,64.0,0.0,2.0,0.0,7.0,10.0,0.0,1.0,0.0,7.0,0.0,15.0,0.0,30.0,21.0,0.0,0.0,1.0,16.0,20.0,9.0,0.0,5.0,0.0,0.0,1.0,2.0,5.0,0.0,6.0,0.0,0.0,0.0,0.0,0.0,22.0,28.0,0.0,0.0,11.0,0.0,4.0,0.0,6.0,0.0
8,10010,311,0.0,0.0,0.0,0.0,2.0,6.0,0.0,0.0,0.0,0.0,45.0,0.0,2.0,1.0,9.0,17.0,11.0,1.0,0.0,22.0,1.0,8.0,0.0,30.0,28.0,0.0,0.0,0.0,11.0,17.0,2.0,0.0,1.0,11.0,5.0,2.0,1.0,2.0,0.0,1.0,0.0,0.0,0.0,0.0,0.0,43.0,22.0,0.0,0.0,10.0,0.0,0.0,0.0,0.0,0.0
9,10011,479,1.0,1.0,0.0,0.0,1.0,2.0,0.0,0.0,0.0,1.0,68.0,0.0,3.0,1.0,16.0,29.0,11.0,1.0,0.0,40.0,2.0,13.0,0.0,55.0,40.0,0.0,2.0,0.0,13.0,33.0,17.0,0.0,1.0,11.0,4.0,1.0,1.0,2.0,0.0,1.0,0.0,0.0,0.0,0.0,0.0,38.0,45.0,0.0,0.0,22.0,0.0,1.0,0.0,2.0,0.0
10,10012,251,0.0,0.0,0.0,0.0,0.0,3.0,0.0,0.0,2.0,0.0,38.0,0.0,1.0,0.0,6.0,9.0,2.0,0.0,0.0,6.0,1.0,8.0,0.0,23.0,20.0,0.0,0.0,0.0,5.0,20.0,3.0,0.0,0.0,3.0,4.0,0.0,1.0,5.0,0.0,2.0,0.0,1.0,1.0,0.0,0.0,17.0,60.0,0.0,0.0,9.0,0.0,1.0,0.0,0.0,0.0
11,10013,473,1.0,0.0,0.0,0.0,0.0,0.0,0.0,0.0,1.0,2.0,60.0,0.0,9.0,1.0,12.0,25.0,3.0,1.0,0.0,17.0,1.0,7.0,0.0,41.0,30.0,0.0,0.0,1.0,9.0,22.0,4.0,0.0,0.0,9.0,12.0,0.0,0.0,0.0,1.0,0.0,1.0,0.0,0.0,2.0,0.0,59.0,74.0,0.0,0.0,66.0,0.0,0.0,0.0,2.0,0.0
12,10014,326,0.0,0.0,0.0,0.0,0.0,1.0,0.0,0.0,4.0,0.0,48.0,0.0,0.0,0.0,4.0,5.0,1.0,2.0,0.0,16.0,2.0,3.0,0.0,25.0,29.0,0.0,0.0,2.0,11.0,23.0,7.0,0.0,0.0,2.0,2.0,0.0,3.0,2.0,1.0,1.0,0.0,0.0,0.0,1.0,0.0,19.0,93.0,0.0,0.0,18.0,0.0,0.0,1.0,0.0,0.0
13,10016,470,0.0,1.0,0.0,0.0,0.0,0.0,0.0,0.0,0.0,1.0,68.0,0.0,8.0,5.0,16.0,17.0,16.0,2.0,0.0,61.0,0.0,9.0,0.0,61.0,36.0,0.0,0.0,0.0,13.0,49.0,9.0,0.0,1.0,9.0,4.0,0.0,1.0,1.0,0.0,2.0,2.0,0.0,0.0,0.0,0.0,23.0,30.0,0.0,0.0,14.0,0.0,7.0,0.0,4.0,0.0
14,10017,314,0.0,0.0,0.0,0.0,2.0,0.0,0.0,0.0,0.0,0.0,57.0,0.0,1.0,4.0,7.0,15.0,11.0,2.0,0.0,27.0,0.0,4.0,0.0,23.0,8.0,0.0,0.0,0.0,0.0,16.0,2.0,0.0,1.0,11.0,1.0,5.0,0.0,1.0,0.0,2.0,1.0,0.0,0.0,0.0,0.0,34.0,7.0,1.0,0.0,6.0,0.0,65.0,0.0,0.0,0.0
15,10018,355,0.0,1.0,0.0,0.0,2.0,1.0,0.0,0.0,3.0,0.0,74.0,0.0,1.0,2.0,21.0,26.0,24.0,3.0,0.0,14.0,0.0,0.0,0.0,49.0,22.0,24.0,1.0,0.0,3.0,2.0,3.0,0.0,0.0,15.0,5.0,2.0,2.0,1.0,0.0,1.0,0.0,0.0,0.0,0.0,0.0,35.0,1.0,1.0,0.0,10.0,0.0,2.0,4.0,0.0,0.0
16,10019,550,0.0,0.0,0.0,0.0,2.0,2.0,0.0,0.0,6.0,1.0,106.0,0.0,2.0,3.0,10.0,22.0,17.0,2.0,0.0,61.0,3.0,22.0,0.0,30.0,25.0,36.0,5.0,0.0,7.0,27.0,8.0,0.0,1.0,28.0,5.0,1.0,12.0,4.0,0.0,0.0,0.0,0.0,0.0,13.0,0.0,23.0,41.0,2.0,0.0,13.0,1.0,4.0,1.0,4.0,0.0
17,10020,71,0.0,0.0,0.0,0.0,1.0,27.0,0.0,0.0,0.0,0.0,6.0,0.0,0.0,0.0,0.0,2.0,2.0,0.0,0.0,2.0,0.0,0.0,0.0,4.0,2.0,0.0,0.0,0.0,0.0,0.0,0.0,0.0,0.0,1.0,0.0,2.0,0.0,0.0,0.0,0.0,0.0,0.0,0.0,0.0,0.0,22.0,0.0,0.0,0.0,0.0,0.0,0.0,0.0,0.0,0.0
18,10021,338,0.0,0.0,0.0,0.0,3.0,21.0,0.0,0.0,0.0,0.0,36.0,0.0,4.0,1.0,4.0,5.0,0.0,1.0,0.0,59.0,2.0,4.0,0.0,27.0,26.0,0.0,2.0,1.0,12.0,41.0,11.0,0.0,1.0,3.0,4.0,0.0,0.0,0.0,0.0,2.0,0.0,0.0,0.0,0.0,0.0,20.0,29.0,0.0,0.0,14.0,0.0,1.0,1.0,3.0,0.0
19,10022,463,0.0,0.0,0.0,0.0,4.0,14.0,0.0,0.0,3.0,1.0,72.0,0.0,2.0,1.0,8.0,15.0,4.0,1.0,0.0,48.0,5.0,4.0,0.0,42.0,21.0,0.0,0.0,2.0,4.0,37.0,7.0,0.0,0.0,13.0,1.0,3.0,0.0,1.0,0.0,2.0,1.0,0.0,0.0,0.0,0.0,107.0,28.0,0.0,0.0,7.0,0.0,4.0,0.0,1.0,0.0
20,10023,315,0.0,1.0,0.0,0.0,2.0,7.0,0.0,0.0,0.0,0.0,38.0,0.0,2.0,1.0,9.0,8.0,4.0,1.0,0.0,32.0,1.0,5.0,0.0,21.0,23.0,0.0,3.0,2.0,11.0,36.0,17.0,0.0,0.0,12.0,3.0,0.0,3.0,5.0,0.0,2.0,0.0,0.0,0.0,0.0,0.0,12.0,37.0,0.0,0.0,13.0,0.0,2.0,0.0,2.0,0.0
21,10024,357,0.0,0.0,0.0,0.0,0.0,1.0,0.0,0.0,0.0,0.0,39.0,0.0,0.0,1.0,8.0,9.0,0.0,3.0,0.0,20.0,1.0,5.0,0.0,39.0,43.0,0.0,2.0,2.0,12.0,35.0,5.0,1.0,2.0,13.0,1.0,0.0,2.0,5.0,0.0,0.0,0.0,0.0,0.0,0.0,0.0,12.0,72.0,0.0,0.0,18.0,0.0,5.0,0.0,1.0,0.0
22,10025,419,0.0,0.0,0.0,0.0,0.0,2.0,0.0,0.0,0.0,0.0,64.0,0.0,3.0,0.0,6.0,19.0,2.0,0.0,0.0,23.0,1.0,24.0,0.0,51.0,45.0,0.0,1.0,2.0,10.0,38.0,12.0,0.0,4.0,6.0,1.0,2.0,0.0,0.0,0.0,3.0,0.0,0.0,0.0,0.0,0.0,15.0,48.0,0.0,0.0,18.0,0.0,6.0,0.0,13.0,0.0
23,10026,273,0.0,0.0,0.0,0.0,0.0,0.0,0.0,0.0,1.0,0.0,30.0,0.0,3.0,0.0,7.0,11.0,0.0,0.0,0.0,9.0,0.0,97.0,0.0,20.0,18.0,0.0,0.0,0.0,7.0,9.0,3.0,0.0,2.0,0.0,0.0,0.0,4.0,15.0,0.0,2.0,0.0,0.0,0.0,0.0,0.0,2.0,11.0,0.0,0.0,1.0,0.0,18.0,1.0,2.0,0.0
24,10027,361,0.0,0.0,0.0,0.0,0.0,0.0,0.0,0.0,1.0,0.0,57.0,0.0,2.0,0.0,14.0,31.0,0.0,0.0,0.0,11.0,1.0,55.0,0.0,25.0,24.0,0.0,1.0,0.0,8.0,11.0,10.0,0.0,0.0,7.0,4.0,3.0,5.0,13.0,0.0,3.0,0.0,0.0,0.0,1.0,0.0,28.0,15.0,0.0,0.0,6.0,0.0,19.0,1.0,5.0,0.0
25,10028,307,0.0,0.0,0.0,0.0,0.0,3.0,0.0,0.0,0.0,0.0,36.0,0.0,3.0,0.0,11.0,9.0,1.0,0.0,0.0,48.0,0.0,2.0,0.0,23.0,22.0,0.0,2.0,2.0,11.0,50.0,12.0,0.0,1.0,5.0,1.0,0.0,1.0,1.0,1.0,0.0,0.0,0.0,0.0,0.0,0.0,19.0,30.0,0.0,0.0,10.0,0.0,2.0,0.0,1.0,0.0
26,10029,452,0.0,0.0,1.0,0.0,0.0,0.0,0.0,0.0,0.0,0.0,80.0,0.0,5.0,0.0,9.0,35.0,3.0,0.0,0.0,11.0,0.0,54.0,0.0,31.0,26.0,0.0,1.0,3.0,23.0,12.0,23.0,0.0,3.0,1.0,6.0,8.0,2.0,7.0,0.0,6.0,0.0,0.0,0.0,1.0,0.0,39.0,3.0,0.0,0.0,19.0,0.0,19.0,2.0,19.0,0.0
27,10030,176,0.0,0.0,0.0,0.0,0.0,0.0,0.0,0.0,1.0,0.0,22.0,0.0,0.0,0.0,3.0,3.0,0.0,0.0,0.0,3.0,0.0,54.0,0.0,8.0,6.0,0.0,0.0,0.0,7.0,5.0,9.0,0.0,0.0,0.0,0.0,2.0,8.0,17.0,0.0,6.0,0.0,0.0,0.0,0.0,0.0,3.0,2.0,0.0,0.0,1.0,0.0,12.0,0.0,4.0,0.0
28,10031,319,0.0,0.0,0.0,0.0,0.0,0.0,0.0,0.0,0.0,0.0,54.0,0.0,4.0,0.0,10.0,23.0,0.0,0.0,0.0,4.0,0.0,17.0,0.0,15.0,18.0,0.0,4.0,1.0,14.0,10.0,10.0,0.0,2.0,1.0,2.0,7.0,7.0,33.0,0.0,5.0,0.0,0.0,0.0,0.0,0.0,23.0,13.0,0.0,0.0,14.0,1.0,23.0,0.0,4.0,0.0
29,10032,272,0.0,0.0,0.0,0.0,0.0,0.0,0.0,0.0,0.0,0.0,53.0,0.0,2.0,1.0,9.0,17.0,0.0,1.0,0.0,6.0,1.0,14.0,0.0,23.0,25.0,0.0,0.0,1.0,13.0,8.0,5.0,0.0,1.0,3.0,3.0,1.0,4.0,9.0,0.0,2.0,0.0,0.0,0.0,1.0,0.0,16.0,6.0,0.0,0.0,18.0,1.0,23.0,0.0,5.0,0.0
30,10033,292,0.0,0.0,0.0,0.0,0.0,1.0,0.0,0.0,0.0,0.0,54.0,0.0,3.0,0.0,12.0,35.0,0.0,1.0,0.0,6.0,1.0,13.0,0.0,20.0,14.0,0.0,1.0,0.0,11.0,9.0,12.0,0.0,0.0,2.0,2.0,11.0,1.0,3.0,0.0,3.0,0.0,0.0,0.0,0.0,0.0,33.0,6.0,0.0,1.0,22.0,0.0,9.0,1.0,5.0,0.0
31,10034,225,0.0,0.0,0.0,1.0,0.0,0.0,0.0,0.0,0.0,0.0,38.0,0.0,3.0,0.0,11.0,19.0,0.0,0.0,0.0,6.0,0.0,9.0,0.0,15.0,7.0,0.0,0.0,0.0,9.0,4.0,12.0,0.0,0.0,0.0,8.0,3.0,1.0,1.0,2.0,1.0,0.0,1.0,0.0,4.0,0.0,29.0,14.0,0.0,0.0,10.0,0.0,5.0,4.0,8.0,0.0
32,10035,235,0.0,0.0,0.0,0.0,0.0,0.0,0.0,0.0,0.0,0.0,46.0,0.0,1.0,0.0,5.0,17.0,0.0,0.0,0.0,7.0,3.0,32.0,0.0,16.0,10.0,0.0,0.0,0.0,11.0,5.0,9.0,0.0,0.0,2.0,4.0,2.0,1.0,13.0,0.0,1.0,0.0,0.0,0.0,3.0,0.0,23.0,0.0,0.0,0.0,3.0,2.0,4.0,4.0,11.0,0.0
33,10036,752,1.0,0.0,0.0,0.0,2.0,4.0,0.0,0.0,6.0,0.0,74.0,0.0,1.0,2.0,9.0,19.0,24.0,2.0,0.0,27.0,0.0,30.0,0.0,23.0,16.0,5.0,3.0,0.0,3.0,13.0,6.0,0.0,4.0,15.0,14.0,33.0,10.0,4.0,0.0,2.0,1.0,1.0,0.0,2.0,0.0,338.0,34.0,1.0,0.0,8.0,0.0,7.0,5.0,3.0,0.0
34,10037,87,0.0,0.0,0.0,0.0,0.0,0.0,0.0,0.0,0.0,0.0,17.0,0.0,0.0,0.0,1.0,3.0,1.0,0.0,0.0,3.0,0.0,21.0,0.0,4.0,5.0,0.0,0.0,0.0,5.0,4.0,7.0,0.0,0.0,0.0,0.0,1.0,0.0,2.0,0.0,2.0,0.0,0.0,0.0,0.0,0.0,3.0,0.0,0.0,0.0,1.0,0.0,6.0,0.0,1.0,0.0
35,10038,190,0.0,0.0,0.0,0.0,0.0,0.0,0.0,0.0,0.0,0.0,46.0,0.0,3.0,1.0,4.0,9.0,2.0,2.0,0.0,14.0,1.0,10.0,0.0,20.0,10.0,0.0,0.0,0.0,1.0,10.0,5.0,0.0,1.0,3.0,9.0,0.0,0.0,0.0,0.0,6.0,3.0,0.0,0.0,0.0,0.0,13.0,7.0,0.0,0.0,5.0,0.0,4.0,0.0,1.0,0.0
36,10039,135,0.0,0.0,0.0,0.0,0.0,0.0,0.0,0.0,0.0,0.0,28.0,0.0,0.0,0.0,1.0,8.0,0.0,0.0,0.0,6.0,0.0,29.0,0.0,10.0,10.0,0.0,0.0,0.0,5.0,2.0,4.0,0.0,0.0,1.0,2.0,0.0,2.0,4.0,0.0,4.0,0.0,0.0,0.0,0.0,0.0,5.0,1.0,0.0,0.0,0.0,0.0,10.0,0.0,3.0,0.0
37,10040,184,0.0,0.0,0.0,0.0,0.0,0.0,0.0,0.0,0.0,0.0,34.0,0.0,1.0,0.0,12.0,22.0,0.0,0.0,0.0,3.0,1.0,7.0,0.0,15.0,11.0,0.0,3.0,0.0,11.0,7.0,6.0,0.0,1.0,0.0,2.0,2.0,1.0,2.0,1.0,1.0,0.0,0.0,0.0,0.0,0.0,14.0,4.0,0.0,0.0,14.0,0.0,4.0,1.0,4.0,0.0
38,10041,2,0.0,0.0,0.0,0.0,0.0,0.0,0.0,0.0,0.0,0.0,1.0,0.0,0.0,0.0,0.0,0.0,0.0,0.0,0.0,1.0,0.0,0.0,0.0,0.0,0.0,0.0,0.0,0.0,0.0,0.0,0.0,0.0,0.0,0.0,0.0,0.0,0.0,0.0,0.0,0.0,0.0,0.0,0.0,0.0,0.0,0.0,0.0,0.0,0.0,0.0,0.0,0.0,0.0,0.0,0.0
39,10044,17,0.0,0.0,0.0,0.0,0.0,0.0,0.0,0.0,0.0,0.0,3.0,0.0,0.0,0.0,0.0,0.0,0.0,0.0,0.0,0.0,0.0,2.0,0.0,2.0,5.0,0.0,0.0,0.0,1.0,1.0,2.0,0.0,0.0,0.0,0.0,0.0,1.0,0.0,0.0,0.0,0.0,0.0,0.0,0.0,0.0,0.0,0.0,0.0,0.0,0.0,0.0,0.0,0.0,0.0,0.0
40,10055,1,0.0,0.0,0.0,0.0,0.0,0.0,0.0,0.0,0.0,0.0,1.0,0.0,0.0,0.0,0.0,0.0,0.0,0.0,0.0,0.0,0.0,0.0,0.0,0.0,0.0,0.0,0.0,0.0,0.0,0.0,0.0,0.0,0.0,0.0,0.0,0.0,0.0,0.0,0.0,0.0,0.0,0.0,0.0,0.0,0.0,0.0,0.0,0.0,0.0,0.0,0.0,0.0,0.0,0.0,0.0
41,10065,248,0.0,0.0,0.0,0.0,0.0,1.0,0.0,0.0,1.0,0.0,28.0,0.0,1.0,0.0,2.0,5.0,3.0,0.0,0.0,39.0,5.0,1.0,0.0,15.0,14.0,0.0,0.0,2.0,9.0,34.0,5.0,0.0,0.0,6.0,3.0,0.0,1.0,2.0,0.0,2.0,0.0,0.0,0.0,0.0,0.0,35.0,21.0,0.0,0.0,12.0,1.0,0.0,0.0,0.0,0.0
42,10069,17,0.0,0.0,0.0,0.0,0.0,0.0,0.0,0.0,0.0,0.0,1.0,0.0,0.0,0.0,0.0,0.0,0.0,0.0,0.0,1.0,0.0,0.0,0.0,5.0,6.0,0.0,0.0,0.0,0.0,1.0,1.0,0.0,0.0,0.0,1.0,0.0,0.0,0.0,0.0,0.0,0.0,0.0,0.0,0.0,0.0,0.0,0.0,0.0,0.0,0.0,0.0,0.0,0.0,1.0,0.0
43,10075,212,0.0,0.0,0.0,0.0,0.0,8.0,0.0,0.0,0.0,0.0,22.0,0.0,1.0,0.0,4.0,2.0,0.0,0.0,0.0,27.0,1.0,3.0,0.0,23.0,28.0,0.0,0.0,2.0,4.0,26.0,7.0,0.0,1.0,3.0,1.0,0.0,1.0,0.0,0.0,1.0,0.0,0.0,0.0,0.0,0.0,8.0,31.0,0.0,0.0,7.0,0.0,1.0,0.0,0.0,0.0
44,10080,1,0.0,0.0,0.0,0.0,0.0,0.0,0.0,0.0,0.0,0.0,0.0,0.0,0.0,0.0,0.0,0.0,0.0,0.0,0.0,1.0,0.0,0.0,0.0,0.0,0.0,0.0,0.0,0.0,0.0,0.0,0.0,0.0,0.0,0.0,0.0,0.0,0.0,0.0,0.0,0.0,0.0,0.0,0.0,0.0,0.0,0.0,0.0,0.0,0.0,0.0,0.0,0.0,0.0,0.0,0.0
45,10103,5,0.0,0.0,0.0,0.0,0.0,0.0,0.0,0.0,0.0,0.0,1.0,0.0,0.0,0.0,0.0,0.0,0.0,0.0,0.0,1.0,0.0,0.0,0.0,0.0,0.0,0.0,1.0,0.0,0.0,0.0,0.0,0.0,0.0,0.0,0.0,0.0,0.0,1.0,0.0,0.0,0.0,0.0,0.0,0.0,0.0,1.0,0.0,0.0,0.0,0.0,0.0,0.0,0.0,0.0,0.0
46,10105,3,0.0,0.0,0.0,0.0,0.0,0.0,0.0,0.0,0.0,0.0,1.0,0.0,0.0,0.0,0.0,0.0,1.0,0.0,0.0,1.0,0.0,0.0,0.0,0.0,0.0,0.0,0.0,0.0,0.0,0.0,0.0,0.0,0.0,0.0,0.0,0.0,0.0,0.0,0.0,0.0,0.0,0.0,0.0,0.0,0.0,0.0,0.0,0.0,0.0,0.0,0.0,0.0,0.0,0.0,0.0
47,10106,4,0.0,0.0,0.0,0.0,0.0,0.0,0.0,0.0,0.0,0.0,0.0,0.0,0.0,0.0,0.0,0.0,3.0,0.0,0.0,0.0,0.0,0.0,0.0,0.0,0.0,0.0,0.0,0.0,0.0,0.0,0.0,0.0,0.0,0.0,0.0,0.0,0.0,0.0,0.0,0.0,0.0,0.0,0.0,0.0,0.0,0.0,1.0,0.0,0.0,0.0,0.0,0.0,0.0,0.0,0.0
48,10107,5,0.0,0.0,0.0,0.0,0.0,0.0,0.0,0.0,0.0,0.0,1.0,0.0,0.0,0.0,0.0,1.0,1.0,0.0,0.0,0.0,0.0,0.0,0.0,0.0,0.0,0.0,0.0,0.0,0.0,0.0,0.0,0.0,0.0,0.0,0.0,0.0,0.0,1.0,0.0,0.0,0.0,0.0,0.0,0.0,0.0,1.0,0.0,0.0,0.0,0.0,0.0,0.0,0.0,0.0,0.0
49,10111,2,0.0,0.0,0.0,0.0,0.0,0.0,0.0,0.0,0.0,0.0,0.0,0.0,0.0,0.0,0.0,0.0,0.0,0.0,0.0,0.0,0.0,0.0,0.0,1.0,0.0,0.0,0.0,0.0,0.0,0.0,0.0,0.0,0.0,0.0,0.0,0.0,0.0,0.0,0.0,0.0,0.0,0.0,0.0,0.0,0.0,1.0,0.0,0.0,0.0,0.0,0.0,0.0,0.0,0.0,0.0
50,10112,8,0.0,0.0,0.0,0.0,0.0,0.0,0.0,0.0,0.0,0.0,2.0,0.0,0.0,0.0,0.0,2.0,0.0,0.0,0.0,0.0,0.0,0.0,0.0,0.0,0.0,0.0,0.0,0.0,0.0,1.0,0.0,0.0,0.0,0.0,0.0,0.0,0.0,0.0,0.0,0.0,0.0,0.0,0.0,0.0,0.0,3.0,0.0,0.0,0.0,0.0,0.0,0.0,0.0,0.0,0.0
51,10118,7,0.0,0.0,0.0,0.0,0.0,0.0,0.0,0.0,0.0,0.0,2.0,0.0,0.0,0.0,0.0,1.0,1.0,0.0,0.0,0.0,0.0,0.0,0.0,1.0,0.0,0.0,0.0,0.0,0.0,0.0,0.0,0.0,0.0,0.0,0.0,0.0,0.0,0.0,0.0,0.0,0.0,0.0,0.0,0.0,0.0,2.0,0.0,0.0,0.0,0.0,0.0,0.0,0.0,0.0,0.0
52,10119,12,0.0,0.0,0.0,0.0,0.0,0.0,0.0,0.0,0.0,0.0,8.0,0.0,0.0,0.0,1.0,2.0,0.0,0.0,0.0,0.0,0.0,0.0,0.0,1.0,0.0,0.0,0.0,0.0,0.0,0.0,0.0,0.0,0.0,0.0,0.0,0.0,0.0,0.0,0.0,0.0,0.0,0.0,0.0,0.0,0.0,0.0,0.0,0.0,0.0,0.0,0.0,0.0,0.0,0.0,0.0
53,10120,4,0.0,0.0,0.0,0.0,0.0,0.0,0.0,0.0,0.0,0.0,0.0,0.0,0.0,0.0,0.0,0.0,1.0,0.0,0.0,0.0,0.0,0.0,0.0,1.0,1.0,0.0,0.0,0.0,0.0,0.0,0.0,0.0,0.0,0.0,0.0,0.0,0.0,0.0,0.0,0.0,1.0,0.0,0.0,0.0,0.0,0.0,0.0,0.0,0.0,0.0,0.0,0.0,0.0,0.0,0.0
54,10121,1,0.0,0.0,0.0,0.0,0.0,0.0,0.0,0.0,0.0,0.0,1.0,0.0,0.0,0.0,0.0,0.0,0.0,0.0,0.0,0.0,0.0,0.0,0.0,0.0,0.0,0.0,0.0,0.0,0.0,0.0,0.0,0.0,0.0,0.0,0.0,0.0,0.0,0.0,0.0,0.0,0.0,0.0,0.0,0.0,0.0,0.0,0.0,0.0,0.0,0.0,0.0,0.0,0.0,0.0,0.0
55,10122,1,0.0,0.0,0.0,0.0,0.0,0.0,0.0,0.0,0.0,0.0,0.0,0.0,0.0,0.0,0.0,0.0,0.0,0.0,0.0,0.0,0.0,0.0,0.0,0.0,1.0,0.0,0.0,0.0,0.0,0.0,0.0,0.0,0.0,0.0,0.0,0.0,0.0,0.0,0.0,0.0,0.0,0.0,0.0,0.0,0.0,0.0,0.0,0.0,0.0,0.0,0.0,0.0,0.0,0.0,0.0
56,10123,8,0.0,0.0,0.0,0.0,0.0,0.0,0.0,0.0,0.0,0.0,3.0,0.0,0.0,0.0,1.0,1.0,0.0,0.0,0.0,0.0,0.0,0.0,0.0,1.0,0.0,0.0,0.0,0.0,0.0,0.0,0.0,0.0,0.0,1.0,0.0,0.0,0.0,0.0,0.0,0.0,0.0,0.0,0.0,0.0,0.0,1.0,0.0,0.0,0.0,0.0,0.0,0.0,0.0,0.0,0.0
57,10128,340,0.0,0.0,0.0,0.0,1.0,5.0,0.0,0.0,0.0,0.0,40.0,0.0,1.0,1.0,5.0,2.0,0.0,2.0,0.0,34.0,8.0,4.0,0.0,38.0,31.0,0.0,1.0,2.0,17.0,49.0,22.0,0.0,1.0,1.0,1.0,0.0,1.0,2.0,0.0,2.0,0.0,0.0,0.0,0.0,0.0,15.0,30.0,0.0,0.0,14.0,2.0,4.0,0.0,4.0,0.0
58,10151,1,0.0,0.0,0.0,0.0,0.0,0.0,0.0,0.0,0.0,0.0,0.0,0.0,0.0,0.0,0.0,0.0,0.0,0.0,0.0,0.0,0.0,0.0,0.0,0.0,0.0,0.0,0.0,0.0,0.0,0.0,0.0,0.0,0.0,0.0,0.0,0.0,0.0,0.0,0.0,0.0,0.0,0.0,0.0,0.0,0.0,1.0,0.0,0.0,0.0,0.0,0.0,0.0,0.0,0.0,0.0
59,10152,2,0.0,0.0,0.0,0.0,0.0,1.0,0.0,0.0,0.0,0.0,0.0,0.0,0.0,0.0,0.0,0.0,0.0,0.0,0.0,1.0,0.0,0.0,0.0,0.0,0.0,0.0,0.0,0.0,0.0,0.0,0.0,0.0,0.0,0.0,0.0,0.0,0.0,0.0,0.0,0.0,0.0,0.0,0.0,0.0,0.0,0.0,0.0,0.0,0.0,0.0,0.0,0.0,0.0,0.0,0.0
60,10153,5,0.0,0.0,0.0,0.0,0.0,0.0,0.0,0.0,0.0,0.0,1.0,0.0,0.0,0.0,1.0,1.0,0.0,0.0,0.0,1.0,0.0,0.0,0.0,0.0,0.0,0.0,0.0,0.0,0.0,0.0,0.0,0.0,0.0,0.0,0.0,0.0,0.0,0.0,0.0,0.0,0.0,0.0,0.0,0.0,0.0,1.0,0.0,0.0,0.0,0.0,0.0,0.0,0.0,0.0,0.0
61,10154,2,0.0,0.0,0.0,0.0,0.0,0.0,0.0,0.0,0.0,0.0,1.0,0.0,0.0,0.0,0.0,0.0,0.0,0.0,0.0,1.0,0.0,0.0,0.0,0.0,0.0,0.0,0.0,0.0,0.0,0.0,0.0,0.0,0.0,0.0,0.0,0.0,0.0,0.0,0.0,0.0,0.0,0.0,0.0,0.0,0.0,0.0,0.0,0.0,0.0,0.0,0.0,0.0,0.0,0.0,0.0
62,10155,12,0.0,0.0,0.0,0.0,0.0,0.0,0.0,0.0,0.0,0.0,0.0,0.0,0.0,0.0,2.0,1.0,0.0,0.0,0.0,1.0,0.0,0.0,0.0,5.0,2.0,0.0,0.0,0.0,0.0,0.0,0.0,0.0,0.0,0.0,0.0,0.0,0.0,0.0,0.0,0.0,0.0,0.0,0.0,0.0,0.0,1.0,0.0,0.0,0.0,0.0,0.0,0.0,0.0,0.0,0.0
63,10158,1,0.0,0.0,0.0,0.0,0.0,0.0,0.0,0.0,0.0,0.0,1.0,0.0,0.0,0.0,0.0,0.0,0.0,0.0,0.0,0.0,0.0,0.0,0.0,0.0,0.0,0.0,0.0,0.0,0.0,0.0,0.0,0.0,0.0,0.0,0.0,0.0,0.0,0.0,0.0,0.0,0.0,0.0,0.0,0.0,0.0,0.0,0.0,0.0,0.0,0.0,0.0,0.0,0.0,0.0,0.0
64,10162,5,0.0,0.0,0.0,0.0,0.0,0.0,0.0,0.0,0.0,0.0,1.0,0.0,0.0,0.0,0.0,0.0,0.0,0.0,0.0,1.0,0.0,0.0,0.0,1.0,1.0,0.0,0.0,0.0,0.0,0.0,0.0,0.0,0.0,0.0,0.0,0.0,0.0,0.0,0.0,1.0,0.0,0.0,0.0,0.0,0.0,0.0,0.0,0.0,0.0,0.0,0.0,0.0,0.0,0.0,0.0
65,10165,6,0.0,0.0,0.0,0.0,0.0,0.0,0.0,0.0,0.0,0.0,2.0,0.0,0.0,1.0,0.0,0.0,1.0,0.0,0.0,0.0,0.0,0.0,0.0,1.0,0.0,0.0,0.0,0.0,0.0,0.0,0.0,0.0,0.0,0.0,0.0,0.0,0.0,0.0,0.0,0.0,0.0,0.0,0.0,0.0,0.0,1.0,0.0,0.0,0.0,0.0,0.0,0.0,0.0,0.0,0.0
66,10166,6,0.0,0.0,0.0,0.0,0.0,0.0,0.0,0.0,0.0,0.0,2.0,0.0,0.0,0.0,0.0,1.0,1.0,0.0,0.0,1.0,0.0,0.0,0.0,0.0,0.0,0.0,0.0,0.0,0.0,0.0,0.0,0.0,0.0,0.0,0.0,0.0,0.0,0.0,0.0,0.0,0.0,0.0,0.0,0.0,0.0,1.0,0.0,0.0,0.0,0.0,0.0,0.0,0.0,0.0,0.0
67,10167,1,0.0,0.0,0.0,0.0,0.0,0.0,0.0,0.0,0.0,0.0,1.0,0.0,0.0,0.0,0.0,0.0,0.0,0.0,0.0,0.0,0.0,0.0,0.0,0.0,0.0,0.0,0.0,0.0,0.0,0.0,0.0,0.0,0.0,0.0,0.0,0.0,0.0,0.0,0.0,0.0,0.0,0.0,0.0,0.0,0.0,0.0,0.0,0.0,0.0,0.0,0.0,0.0,0.0,0.0,0.0
68,10168,6,0.0,0.0,0.0,0.0,0.0,0.0,0.0,0.0,0.0,0.0,2.0,0.0,0.0,0.0,0.0,0.0,0.0,0.0,0.0,0.0,0.0,0.0,0.0,2.0,1.0,0.0,0.0,0.0,0.0,1.0,0.0,0.0,0.0,0.0,0.0,0.0,0.0,0.0,0.0,0.0,0.0,0.0,0.0,0.0,0.0,0.0,0.0,0.0,0.0,0.0,0.0,0.0,0.0,0.0,0.0
69,10169,1,0.0,0.0,0.0,0.0,0.0,0.0,0.0,0.0,0.0,0.0,1.0,0.0,0.0,0.0,0.0,0.0,0.0,0.0,0.0,0.0,0.0,0.0,0.0,0.0,0.0,0.0,0.0,0.0,0.0,0.0,0.0,0.0,0.0,0.0,0.0,0.0,0.0,0.0,0.0,0.0,0.0,0.0,0.0,0.0,0.0,0.0,0.0,0.0,0.0,0.0,0.0,0.0,0.0,0.0,0.0
70,10170,8,0.0,0.0,0.0,0.0,0.0,0.0,0.0,0.0,0.0,0.0,2.0,0.0,0.0,0.0,0.0,1.0,1.0,0.0,0.0,0.0,0.0,0.0,0.0,2.0,1.0,0.0,0.0,0.0,0.0,0.0,0.0,0.0,0.0,0.0,0.0,0.0,0.0,0.0,0.0,0.0,0.0,0.0,0.0,0.0,0.0,1.0,0.0,0.0,0.0,0.0,0.0,0.0,0.0,0.0,0.0
71,10171,3,0.0,0.0,0.0,0.0,0.0,0.0,0.0,0.0,0.0,0.0,0.0,0.0,0.0,0.0,0.0,0.0,1.0,0.0,0.0,0.0,0.0,0.0,0.0,1.0,1.0,0.0,0.0,0.0,0.0,0.0,0.0,0.0,0.0,0.0,0.0,0.0,0.0,0.0,0.0,0.0,0.0,0.0,0.0,0.0,0.0,0.0,0.0,0.0,0.0,0.0,0.0,0.0,0.0,0.0,0.0
72,10172,2,0.0,0.0,0.0,0.0,0.0,0.0,0.0,0.0,0.0,0.0,1.0,0.0,0.0,0.0,0.0,0.0,0.0,0.0,0.0,1.0,0.0,0.0,0.0,0.0,0.0,0.0,0.0,0.0,0.0,0.0,0.0,0.0,0.0,0.0,0.0,0.0,0.0,0.0,0.0,0.0,0.0,0.0,0.0,0.0,0.0,0.0,0.0,0.0,0.0,0.0,0.0,0.0,0.0,0.0,0.0
73,10173,2,0.0,0.0,0.0,0.0,0.0,0.0,0.0,0.0,0.0,0.0,0.0,0.0,0.0,0.0,0.0,1.0,0.0,0.0,0.0,0.0,0.0,0.0,0.0,1.0,0.0,0.0,0.0,0.0,0.0,0.0,0.0,0.0,0.0,0.0,0.0,0.0,0.0,0.0,0.0,0.0,0.0,0.0,0.0,0.0,0.0,0.0,0.0,0.0,0.0,0.0,0.0,0.0,0.0,0.0,0.0
74,10174,2,0.0,0.0,0.0,0.0,0.0,0.0,0.0,0.0,0.0,0.0,0.0,0.0,0.0,0.0,0.0,0.0,1.0,0.0,0.0,0.0,0.0,0.0,0.0,0.0,0.0,0.0,0.0,0.0,0.0,1.0,0.0,0.0,0.0,0.0,0.0,0.0,0.0,0.0,0.0,0.0,0.0,0.0,0.0,0.0,0.0,0.0,0.0,0.0,0.0,0.0,0.0,0.0,0.0,0.0,0.0
75,10175,2,0.0,0.0,0.0,0.0,0.0,0.0,0.0,0.0,0.0,0.0,0.0,0.0,0.0,0.0,0.0,0.0,1.0,0.0,0.0,0.0,0.0,0.0,0.0,1.0,0.0,0.0,0.0,0.0,0.0,0.0,0.0,0.0,0.0,0.0,0.0,0.0,0.0,0.0,0.0,0.0,0.0,0.0,0.0,0.0,0.0,0.0,0.0,0.0,0.0,0.0,0.0,0.0,0.0,0.0,0.0
76,10176,1,0.0,0.0,0.0,0.0,0.0,0.0,0.0,0.0,0.0,0.0,0.0,0.0,0.0,0.0,0.0,0.0,0.0,0.0,0.0,0.0,0.0,0.0,0.0,0.0,0.0,0.0,0.0,0.0,0.0,0.0,0.0,0.0,0.0,0.0,0.0,0.0,0.0,0.0,0.0,0.0,0.0,0.0,0.0,0.0,0.0,1.0,0.0,0.0,0.0,0.0,0.0,0.0,0.0,0.0,0.0
77,10178,2,0.0,0.0,0.0,0.0,0.0,0.0,0.0,0.0,0.0,0.0,1.0,0.0,0.0,0.0,0.0,0.0,0.0,0.0,0.0,1.0,0.0,0.0,0.0,0.0,0.0,0.0,0.0,0.0,0.0,0.0,0.0,0.0,0.0,0.0,0.0,0.0,0.0,0.0,0.0,0.0,0.0,0.0,0.0,0.0,0.0,0.0,0.0,0.0,0.0,0.0,0.0,0.0,0.0,0.0,0.0
78,10271,2,0.0,0.0,0.0,0.0,0.0,0.0,0.0,0.0,0.0,0.0,1.0,0.0,0.0,0.0,0.0,0.0,0.0,0.0,0.0,0.0,0.0,0.0,0.0,0.0,0.0,0.0,0.0,0.0,0.0,0.0,0.0,0.0,0.0,0.0,0.0,0.0,0.0,0.0,0.0,0.0,0.0,0.0,0.0,0.0,0.0,1.0,0.0,0.0,0.0,0.0,0.0,0.0,0.0,0.0,0.0
79,10279,7,0.0,0.0,0.0,0.0,0.0,0.0,0.0,0.0,0.0,0.0,0.0,0.0,0.0,0.0,0.0,1.0,0.0,0.0,0.0,0.0,0.0,0.0,0.0,0.0,0.0,0.0,0.0,0.0,0.0,0.0,0.0,0.0,0.0,0.0,1.0,0.0,0.0,0.0,0.0,1.0,3.0,0.0,0.0,0.0,0.0,1.0,0.0,0.0,0.0,0.0,0.0,0.0,0.0,0.0,0.0
80,10280,31,0.0,0.0,0.0,0.0,0.0,0.0,0.0,0.0,0.0,0.0,3.0,0.0,0.0,0.0,0.0,0.0,1.0,1.0,0.0,11.0,0.0,0.0,0.0,3.0,4.0,0.0,0.0,0.0,0.0,5.0,2.0,0.0,0.0,0.0,0.0,0.0,0.0,0.0,0.0,1.0,0.0,0.0,0.0,0.0,0.0,0.0,0.0,0.0,0.0,0.0,0.0,0.0,0.0,0.0,0.0
81,10281,3,0.0,0.0,0.0,0.0,0.0,0.0,0.0,0.0,0.0,0.0,2.0,0.0,0.0,0.0,0.0,0.0,0.0,0.0,0.0,0.0,0.0,0.0,0.0,0.0,0.0,0.0,0.0,0.0,0.0,0.0,0.0,0.0,0.0,0.0,0.0,0.0,0.0,0.0,0.0,0.0,0.0,0.0,0.0,0.0,0.0,0.0,1.0,0.0,0.0,0.0,0.0,0.0,0.0,0.0,0.0
82,10282,20,0.0,0.0,0.0,0.0,0.0,0.0,0.0,0.0,0.0,0.0,4.0,0.0,0.0,2.0,0.0,0.0,0.0,0.0,0.0,6.0,1.0,1.0,0.0,0.0,1.0,0.0,0.0,0.0,0.0,1.0,0.0,0.0,1.0,0.0,0.0,0.0,0.0,0.0,0.0,0.0,0.0,0.0,0.0,0.0,0.0,0.0,3.0,0.0,0.0,0.0,0.0,0.0,0.0,0.0,0.0
83,10301,337,0.0,0.0,0.0,0.0,0.0,2.0,0.0,0.0,0.0,0.0,49.0,0.0,0.0,0.0,3.0,11.0,0.0,0.0,0.0,1.0,0.0,11.0,0.0,76.0,82.0,0.0,1.0,0.0,13.0,7.0,11.0,0.0,1.0,0.0,3.0,1.0,0.0,5.0,0.0,5.0,0.0,0.0,0.0,6.0,0.0,16.0,0.0,0.0,0.0,4.0,0.0,6.0,3.0,20.0,0.0
84,10302,265,0.0,0.0,0.0,0.0,0.0,0.0,0.0,0.0,0.0,0.0,28.0,0.0,0.0,0.0,7.0,23.0,0.0,1.0,0.0,0.0,0.0,4.0,0.0,68.0,59.0,0.0,0.0,0.0,9.0,2.0,9.0,0.0,1.0,0.0,0.0,1.0,0.0,0.0,0.0,1.0,0.0,1.0,0.0,4.0,0.0,30.0,0.0,0.0,0.0,3.0,0.0,3.0,1.0,10.0,0.0
85,10303,261,0.0,0.0,9.0,0.0,0.0,0.0,0.0,0.0,0.0,0.0,26.0,0.0,0.0,0.0,1.0,6.0,0.0,0.0,0.0,0.0,0.0,2.0,0.0,69.0,51.0,0.0,0.0,0.0,2.0,0.0,3.0,0.0,2.0,0.0,0.0,2.0,0.0,0.0,1.0,4.0,0.0,0.0,4.0,10.0,0.0,28.0,0.0,0.0,0.0,2.0,1.0,2.0,10.0,26.0,0.0
86,10304,351,0.0,0.0,0.0,0.0,0.0,0.0,1.0,0.0,0.0,0.0,44.0,0.0,2.0,0.0,0.0,8.0,0.0,1.0,0.0,1.0,0.0,8.0,0.0,84.0,106.0,0.0,1.0,0.0,7.0,4.0,8.0,0.0,1.0,0.0,0.0,0.0,0.0,4.0,1.0,3.0,1.0,0.0,0.0,8.0,0.0,18.0,0.0,0.0,0.0,0.0,0.0,12.0,5.0,22.0,1.0
87,10305,515,0.0,0.0,49.0,1.0,0.0,1.0,4.0,0.0,1.0,1.0,45.0,0.0,4.0,0.0,5.0,6.0,0.0,3.0,0.0,0.0,0.0,3.0,0.0,145.0,144.0,0.0,0.0,0.0,9.0,6.0,16.0,0.0,0.0,0.0,0.0,2.0,1.0,0.0,0.0,6.0,1.0,0.0,0.0,13.0,1.0,18.0,0.0,0.0,0.0,4.0,0.0,1.0,0.0,25.0,0.0
88,10306,589,0.0,0.0,29.0,0.0,0.0,1.0,1.0,0.0,0.0,1.0,37.0,0.0,3.0,0.0,7.0,11.0,0.0,0.0,0.0,0.0,0.0,3.0,0.0,183.0,200.0,0.0,4.0,0.0,9.0,8.0,25.0,0.0,0.0,0.0,0.0,2.0,1.0,0.0,1.0,6.0,0.0,0.0,0.0,2.0,0.0,24.0,0.0,0.0,1.0,2.0,0.0,1.0,1.0,26.0,0.0
89,10307,168,0.0,0.0,0.0,0.0,0.0,0.0,0.0,0.0,0.0,0.0,13.0,0.0,0.0,0.0,1.0,0.0,0.0,0.0,0.0,0.0,0.0,0.0,0.0,57.0,67.0,0.0,0.0,0.0,1.0,3.0,3.0,0.0,1.0,0.0,0.0,1.0,0.0,0.0,0.0,3.0,0.0,0.0,0.0,2.0,1.0,3.0,0.0,0.0,0.0,1.0,0.0,0.0,1.0,10.0,0.0
90,10308,213,0.0,0.0,0.0,0.0,0.0,1.0,0.0,0.0,0.0,0.0,19.0,0.0,1.0,1.0,3.0,1.0,0.0,0.0,0.0,0.0,0.0,0.0,0.0,73.0,77.0,0.0,0.0,1.0,4.0,2.0,12.0,0.0,0.0,0.0,0.0,0.0,1.0,0.0,0.0,1.0,0.0,0.0,0.0,0.0,0.0,2.0,0.0,0.0,0.0,0.0,0.0,0.0,1.0,13.0,0.0
91,10309,403,0.0,0.0,12.0,0.0,0.0,2.0,0.0,0.0,0.0,1.0,24.0,0.0,2.0,0.0,2.0,6.0,0.0,0.0,0.0,0.0,0.0,1.0,0.0,137.0,113.0,0.0,1.0,0.0,4.0,6.0,18.0,0.0,1.0,0.0,0.0,0.0,0.0,0.0,0.0,4.0,2.0,0.0,1.0,5.0,0.0,15.0,0.0,0.0,0.0,1.0,0.0,0.0,20.0,25.0,0.0
92,10310,331,0.0,1.0,44.0,0.0,0.0,0.0,0.0,0.0,1.0,0.0,37.0,0.0,1.0,0.0,3.0,6.0,1.0,0.0,0.0,0.0,0.0,2.0,0.0,66.0,65.0,0.0,0.0,0.0,4.0,8.0,9.0,0.0,0.0,0.0,0.0,0.0,0.0,0.0,0.0,1.0,0.0,0.0,2.0,13.0,0.0,29.0,0.0,0.0,0.0,4.0,0.0,2.0,12.0,18.0,2.0
93,10312,526,0.0,0.0,1.0,0.0,0.0,1.0,0.0,0.0,0.0,0.0,33.0,0.0,1.0,0.0,8.0,3.0,0.0,1.0,0.0,0.0,0.0,0.0,0.0,176.0,217.0,0.0,2.0,2.0,2.0,9.0,26.0,0.0,1.0,0.0,0.0,0.0,0.0,1.0,1.0,7.0,0.0,0.0,0.0,2.0,0.0,7.0,0.0,0.0,0.0,2.0,0.0,0.0,0.0,23.0,0.0
94,10314,843,1.0,7.0,14.0,2.0,0.0,1.0,0.0,0.0,1.0,0.0,50.0,0.0,1.0,2.0,23.0,29.0,0.0,3.0,0.0,0.0,0.0,6.0,0.0,261.0,270.0,0.0,1.0,0.0,9.0,15.0,30.0,0.0,3.0,0.0,0.0,3.0,0.0,0.0,0.0,13.0,0.0,0.0,0.0,3.0,0.0,39.0,0.0,0.0,0.0,1.0,0.0,1.0,3.0,51.0,0.0
95,10451,314,0.0,0.0,0.0,0.0,0.0,0.0,0.0,0.0,3.0,0.0,65.0,0.0,5.0,0.0,8.0,28.0,1.0,0.0,0.0,16.0,4.0,14.0,0.0,20.0,11.0,0.0,0.0,1.0,9.0,4.0,7.0,0.0,3.0,1.0,9.0,5.0,3.0,7.0,0.0,2.0,0.0,0.0,0.0,3.0,0.0,35.0,1.0,0.0,0.0,8.0,4.0,27.0,3.0,6.0,1.0
96,10452,491,0.0,0.0,4.0,0.0,0.0,0.0,0.0,0.0,0.0,0.0,94.0,0.0,5.0,0.0,19.0,38.0,0.0,0.0,0.0,11.0,3.0,24.0,0.0,16.0,11.0,0.0,0.0,0.0,18.0,3.0,16.0,0.0,5.0,1.0,10.0,5.0,2.0,17.0,0.0,4.0,0.0,0.0,0.0,7.0,0.0,69.0,0.0,0.0,0.0,19.0,1.0,72.0,4.0,12.0,1.0
97,10453,447,0.0,0.0,0.0,0.0,0.0,0.0,0.0,0.0,0.0,0.0,82.0,0.0,5.0,0.0,29.0,40.0,0.0,0.0,0.0,5.0,3.0,26.0,0.0,18.0,16.0,0.0,0.0,0.0,19.0,3.0,11.0,0.0,0.0,0.0,6.0,7.0,1.0,6.0,0.0,3.0,0.0,0.0,0.0,1.0,0.0,51.0,0.0,0.0,0.0,20.0,0.0,77.0,5.0,13.0,0.0
98,10454,226,0.0,0.0,0.0,0.0,0.0,0.0,0.0,0.0,0.0,0.0,47.0,0.0,1.0,0.0,6.0,12.0,0.0,0.0,0.0,2.0,0.0,13.0,0.0,23.0,14.0,0.0,3.0,0.0,11.0,5.0,7.0,0.0,0.0,1.0,3.0,2.0,0.0,0.0,0.0,1.0,0.0,1.0,0.0,2.0,0.0,21.0,0.0,0.0,0.0,10.0,3.0,22.0,2.0,14.0,0.0
99,10455,323,0.0,0.0,0.0,0.0,0.0,0.0,0.0,0.0,0.0,0.0,50.0,0.0,2.0,0.0,15.0,43.0,0.0,0.0,0.0,4.0,0.0,21.0,0.0,10.0,7.0,0.0,0.0,2.0,11.0,4.0,5.0,0.0,3.0,2.0,3.0,7.0,2.0,5.0,1.0,1.0,0.0,1.0,1.0,3.0,0.0,57.0,0.0,0.0,0.0,11.0,1.0,31.0,3.0,17.0,0.0
100,10456,481,0.0,0.0,0.0,0.0,0.0,0.0,0.0,0.0,0.0,0.0,79.0,0.0,3.0,0.0,18.0,31.0,0.0,0.0,0.0,6.0,3.0,39.0,0.0,15.0,13.0,0.0,1.0,3.0,19.0,3.0,11.0,0.0,3.0,0.0,11.0,5.0,6.0,15.0,0.0,3.0,1.0,0.0,1.0,7.0,0.0,45.0,0.0,0.0,0.0,8.0,0.0,105.0,5.0,22.0,0.0
101,10457,473,0.0,0.0,0.0,0.0,0.0,0.0,0.0,0.0,0.0,0.0,86.0,0.0,2.0,1.0,20.0,33.0,2.0,0.0,0.0,3.0,1.0,22.0,0.0,22.0,17.0,0.0,0.0,0.0,15.0,4.0,13.0,0.0,0.0,0.0,6.0,7.0,2.0,13.0,0.0,2.0,0.0,0.0,0.0,17.0,0.0,71.0,0.0,0.0,1.0,7.0,0.0,60.0,17.0,28.0,1.0
102,10458,542,0.0,0.0,0.0,1.0,0.0,0.0,0.0,0.0,0.0,0.0,96.0,0.0,4.0,1.0,17.0,48.0,0.0,0.0,0.0,7.0,1.0,28.0,0.0,43.0,36.0,0.0,2.0,2.0,20.0,2.0,19.0,1.0,2.0,1.0,11.0,15.0,5.0,10.0,0.0,12.0,0.0,0.0,0.0,4.0,1.0,70.0,6.0,0.0,0.0,24.0,0.0,41.0,3.0,9.0,0.0
103,10459,338,0.0,0.0,2.0,0.0,0.0,1.0,0.0,0.0,0.0,0.0,68.0,0.0,1.0,0.0,13.0,29.0,0.0,0.0,0.0,7.0,1.0,25.0,0.0,17.0,18.0,0.0,0.0,0.0,13.0,4.0,10.0,0.0,0.0,0.0,4.0,8.0,0.0,3.0,0.0,2.0,0.0,0.0,0.0,2.0,0.0,48.0,0.0,0.0,0.0,7.0,1.0,34.0,2.0,18.0,0.0
104,10460,315,0.0,1.0,0.0,0.0,0.0,0.0,0.0,0.0,0.0,0.0,65.0,0.0,4.0,0.0,11.0,22.0,0.0,0.0,0.0,5.0,0.0,27.0,0.0,25.0,18.0,0.0,0.0,0.0,17.0,2.0,13.0,1.0,0.0,2.0,3.0,4.0,1.0,1.0,0.0,6.0,0.0,0.0,0.0,4.0,0.0,32.0,0.0,0.0,0.0,3.0,0.0,20.0,3.0,25.0,0.0
105,10461,494,0.0,0.0,0.0,1.0,0.0,0.0,0.0,0.0,0.0,1.0,84.0,0.0,8.0,0.0,18.0,23.0,0.0,2.0,0.0,4.0,0.0,7.0,0.0,88.0,72.0,0.0,4.0,1.0,21.0,5.0,18.0,0.0,2.0,0.0,5.0,2.0,0.0,0.0,0.0,5.0,0.0,0.0,0.0,4.0,0.0,37.0,4.0,0.0,0.0,14.0,0.0,8.0,22.0,34.0,0.0
106,10462,568,0.0,0.0,9.0,0.0,0.0,0.0,7.0,0.0,0.0,1.0,81.0,1.0,3.0,1.0,22.0,42.0,0.0,0.0,0.0,6.0,0.0,26.0,0.0,74.0,56.0,0.0,0.0,2.0,25.0,9.0,25.0,1.0,1.0,1.0,6.0,7.0,0.0,3.0,1.0,9.0,0.0,0.0,0.0,1.0,0.0,59.0,2.0,0.0,0.0,15.0,0.0,24.0,8.0,40.0,0.0
107,10463,345,0.0,0.0,7.0,0.0,0.0,0.0,5.0,0.0,0.0,0.0,49.0,1.0,0.0,1.0,11.0,20.0,0.0,1.0,0.0,6.0,1.0,18.0,0.0,43.0,41.0,0.0,4.0,1.0,13.0,11.0,26.0,1.0,1.0,1.0,5.0,3.0,1.0,3.0,0.0,4.0,1.0,0.0,0.0,3.0,0.0,27.0,6.0,0.0,0.0,11.0,0.0,7.0,2.0,10.0,0.0
108,10464,46,1.0,0.0,0.0,0.0,0.0,0.0,0.0,0.0,0.0,0.0,4.0,0.0,0.0,0.0,0.0,0.0,0.0,1.0,0.0,0.0,0.0,1.0,0.0,9.0,10.0,0.0,0.0,1.0,1.0,0.0,0.0,0.0,0.0,0.0,1.0,0.0,0.0,0.0,0.0,0.0,0.0,0.0,0.0,0.0,0.0,4.0,1.0,0.0,0.0,2.0,0.0,0.0,3.0,7.0,0.0
109,10465,271,0.0,0.0,24.0,2.0,0.0,0.0,0.0,0.0,1.0,1.0,24.0,0.0,3.0,0.0,6.0,10.0,0.0,1.0,0.0,0.0,0.0,6.0,0.0,50.0,57.0,0.0,1.0,1.0,5.0,2.0,21.0,1.0,0.0,0.0,0.0,0.0,0.0,0.0,0.0,3.0,0.0,0.0,0.0,1.0,0.0,5.0,2.0,0.0,0.0,3.0,0.0,3.0,0.0,38.0,0.0
110,10466,364,0.0,0.0,0.0,0.0,0.0,0.0,2.0,0.0,1.0,0.0,45.0,0.0,0.0,0.0,10.0,28.0,0.0,1.0,0.0,1.0,0.0,27.0,0.0,52.0,43.0,0.0,1.0,1.0,16.0,3.0,10.0,0.0,4.0,0.0,0.0,2.0,1.0,3.0,0.0,1.0,0.0,0.0,3.0,13.0,0.0,43.0,0.0,0.0,0.0,9.0,0.0,12.0,13.0,18.0,1.0
111,10467,609,0.0,0.0,0.0,0.0,0.0,0.0,0.0,0.0,0.0,0.0,90.0,0.0,3.0,0.0,16.0,46.0,0.0,0.0,0.0,8.0,0.0,30.0,0.0,90.0,86.0,0.0,4.0,0.0,27.0,5.0,20.0,0.0,2.0,1.0,7.0,9.0,1.0,1.0,0.0,5.0,0.0,0.0,0.0,4.0,0.0,57.0,1.0,0.0,0.0,34.0,0.0,38.0,1.0,23.0,0.0
112,10468,384,0.0,0.0,0.0,0.0,0.0,1.0,0.0,0.0,1.0,0.0,55.0,0.0,3.0,0.0,26.0,41.0,1.0,0.0,0.0,5.0,1.0,29.0,0.0,19.0,13.0,0.0,1.0,0.0,15.0,4.0,10.0,1.0,1.0,1.0,5.0,6.0,0.0,4.0,0.0,10.0,0.0,0.0,1.0,2.0,0.0,42.0,3.0,0.0,1.0,22.0,1.0,45.0,1.0,13.0,0.0
113,10469,509,1.0,0.0,2.0,0.0,1.0,2.0,0.0,0.0,0.0,1.0,50.0,0.0,3.0,1.0,11.0,17.0,0.0,0.0,0.0,0.0,0.0,14.0,0.0,130.0,116.0,0.0,0.0,1.0,17.0,5.0,25.0,0.0,1.0,0.0,0.0,2.0,0.0,3.0,0.0,5.0,0.0,0.0,0.0,26.0,0.0,23.0,0.0,0.0,0.0,1.0,0.0,23.0,4.0,24.0,0.0
114,10470,117,0.0,0.0,0.0,0.0,0.0,0.0,0.0,0.0,1.0,0.0,22.0,0.0,1.0,0.0,1.0,6.0,0.0,0.0,0.0,0.0,0.0,7.0,0.0,20.0,20.0,0.0,1.0,0.0,4.0,3.0,3.0,0.0,0.0,0.0,0.0,0.0,0.0,0.0,0.0,1.0,0.0,0.0,0.0,2.0,0.0,7.0,0.0,0.0,0.0,1.0,0.0,5.0,6.0,6.0,0.0
115,10471,105,0.0,0.0,0.0,0.0,0.0,0.0,0.0,0.0,0.0,0.0,14.0,0.0,1.0,0.0,4.0,1.0,0.0,0.0,0.0,2.0,0.0,1.0,0.0,21.0,28.0,0.0,3.0,0.0,2.0,4.0,11.0,0.0,1.0,0.0,2.0,0.0,2.0,4.0,0.0,1.0,0.0,0.0,0.0,0.0,0.0,1.0,0.0,0.0,0.0,0.0,0.0,0.0,0.0,2.0,0.0
116,10472,441,0.0,0.0,0.0,1.0,0.0,0.0,1.0,0.0,0.0,0.0,70.0,0.0,0.0,0.0,11.0,23.0,0.0,0.0,0.0,0.0,0.0,35.0,0.0,55.0,42.0,0.0,0.0,1.0,23.0,5.0,11.0,0.0,2.0,2.0,2.0,6.0,0.0,3.0,1.0,5.0,0.0,0.0,1.0,5.0,0.0,47.0,0.0,0.0,0.0,22.0,0.0,39.0,5.0,23.0,0.0
117,10473,240,0.0,0.0,0.0,1.0,0.0,0.0,0.0,0.0,0.0,0.0,32.0,0.0,1.0,0.0,2.0,14.0,0.0,0.0,0.0,0.0,0.0,14.0,0.0,29.0,28.0,0.0,0.0,0.0,5.0,0.0,17.0,0.0,0.0,0.0,0.0,2.0,0.0,1.0,0.0,4.0,0.0,0.0,0.0,5.0,0.0,20.0,0.0,0.0,0.0,1.0,0.0,14.0,7.0,43.0,0.0
118,10474,157,0.0,0.0,0.0,0.0,0.0,0.0,0.0,0.0,1.0,0.0,21.0,0.0,0.0,0.0,0.0,2.0,1.0,0.0,0.0,2.0,0.0,4.0,0.0,11.0,3.0,0.0,0.0,0.0,3.0,0.0,1.0,0.0,0.0,0.0,4.0,0.0,1.0,1.0,0.0,0.0,0.0,1.0,5.0,25.0,0.0,53.0,0.0,0.0,0.0,0.0,1.0,4.0,3.0,5.0,5.0
119,10475,189,0.0,0.0,0.0,0.0,0.0,0.0,0.0,0.0,0.0,0.0,17.0,0.0,0.0,0.0,4.0,14.0,0.0,0.0,0.0,10.0,0.0,11.0,0.0,16.0,9.0,0.0,0.0,0.0,1.0,4.0,19.0,0.0,1.0,0.0,0.0,1.0,0.0,0.0,0.0,3.0,0.0,0.0,3.0,12.0,0.0,29.0,0.0,0.0,0.0,0.0,0.0,9.0,16.0,8.0,2.0
120,11103,1,0.0,0.0,0.0,0.0,0.0,0.0,0.0,0.0,0.0,0.0,0.0,0.0,0.0,0.0,0.0,0.0,0.0,0.0,0.0,0.0,0.0,0.0,0.0,0.0,0.0,0.0,0.0,0.0,0.0,0.0,0.0,0.0,0.0,0.0,0.0,0.0,0.0,0.0,0.0,0.0,0.0,0.0,0.0,0.0,0.0,0.0,1.0,0.0,0.0,0.0,0.0,0.0,0.0,0.0,0.0
121,11104,1,0.0,0.0,0.0,0.0,0.0,0.0,0.0,0.0,0.0,0.0,0.0,0.0,0.0,0.0,0.0,0.0,0.0,0.0,0.0,0.0,0.0,0.0,0.0,0.0,0.0,0.0,0.0,0.0,0.0,0.0,0.0,0.0,0.0,0.0,0.0,0.0,0.0,0.0,0.0,0.0,0.0,0.0,0.0,0.0,0.0,0.0,1.0,0.0,0.0,0.0,0.0,0.0,0.0,0.0,0.0
122,11106,1,0.0,0.0,0.0,0.0,0.0,0.0,0.0,0.0,0.0,0.0,0.0,0.0,0.0,0.0,0.0,0.0,0.0,0.0,0.0,0.0,0.0,0.0,0.0,0.0,0.0,0.0,0.0,0.0,0.0,0.0,0.0,0.0,0.0,0.0,0.0,0.0,0.0,1.0,0.0,0.0,0.0,0.0,0.0,0.0,0.0,0.0,0.0,0.0,0.0,0.0,0.0,0.0,0.0,0.0,0.0
123,11201,426,0.0,1.0,0.0,0.0,0.0,1.0,0.0,0.0,0.0,0.0,68.0,0.0,1.0,3.0,16.0,33.0,5.0,0.0,0.0,35.0,2.0,5.0,0.0,54.0,39.0,0.0,1.0,0.0,12.0,21.0,9.0,0.0,2.0,7.0,10.0,3.0,0.0,1.0,0.0,7.0,2.0,0.0,0.0,0.0,0.0,55.0,16.0,0.0,1.0,12.0,0.0,3.0,0.0,1.0,0.0
124,11203,461,0.0,0.0,0.0,0.0,0.0,0.0,0.0,0.0,1.0,0.0,65.0,0.0,4.0,0.0,11.0,22.0,0.0,0.0,0.0,1.0,0.0,15.0,0.0,76.0,72.0,0.0,0.0,2.0,26.0,5.0,13.0,0.0,4.0,0.0,0.0,2.0,0.0,0.0,0.0,6.0,0.0,0.0,0.0,18.0,0.0,60.0,1.0,0.0,0.0,15.0,0.0,10.0,12.0,19.0,1.0
125,11204,592,0.0,0.0,0.0,1.0,0.0,0.0,0.0,0.0,0.0,0.0,67.0,0.0,20.0,0.0,19.0,31.0,1.0,2.0,0.0,0.0,0.0,13.0,0.0,117.0,118.0,0.0,6.0,2.0,30.0,18.0,18.0,0.0,0.0,0.0,0.0,0.0,8.0,20.0,0.0,4.0,0.0,0.0,0.0,1.0,0.0,36.0,1.0,0.0,0.0,37.0,0.0,2.0,3.0,17.0,0.0
126,11205,223,0.0,0.0,0.0,0.0,0.0,0.0,0.0,0.0,0.0,0.0,56.0,0.0,4.0,0.0,1.0,10.0,0.0,0.0,0.0,4.0,1.0,8.0,0.0,35.0,27.0,0.0,0.0,0.0,9.0,8.0,8.0,0.0,0.0,0.0,0.0,0.0,0.0,0.0,0.0,2.0,0.0,0.0,0.0,4.0,0.0,11.0,10.0,0.0,0.0,7.0,1.0,8.0,6.0,3.0,0.0
127,11206,372,0.0,0.0,0.0,0.0,0.0,0.0,0.0,0.0,1.0,0.0,73.0,0.0,6.0,0.0,10.0,27.0,1.0,1.0,0.0,2.0,0.0,15.0,0.0,41.0,29.0,0.0,0.0,1.0,19.0,4.0,13.0,0.0,0.0,0.0,0.0,3.0,0.0,4.0,0.0,3.0,0.0,0.0,0.0,8.0,0.0,51.0,3.0,0.0,0.0,12.0,0.0,13.0,2.0,30.0,0.0
128,11207,604,0.0,0.0,0.0,0.0,0.0,0.0,0.0,0.0,0.0,0.0,121.0,0.0,5.0,1.0,20.0,29.0,0.0,0.0,0.0,0.0,0.0,42.0,0.0,80.0,53.0,0.0,0.0,1.0,33.0,7.0,10.0,0.0,1.0,0.0,2.0,6.0,0.0,0.0,0.0,8.0,0.0,0.0,0.0,21.0,0.0,95.0,0.0,0.0,0.0,14.0,0.0,13.0,8.0,32.0,2.0
129,11208,608,0.0,0.0,0.0,0.0,0.0,0.0,0.0,0.0,0.0,0.0,97.0,0.0,1.0,0.0,20.0,32.0,0.0,0.0,0.0,1.0,0.0,26.0,0.0,105.0,93.0,0.0,0.0,0.0,35.0,5.0,8.0,0.0,1.0,0.0,0.0,4.0,0.0,2.0,0.0,5.0,0.0,1.0,0.0,10.0,0.0,70.0,0.0,0.0,0.0,17.0,0.0,33.0,12.0,30.0,0.0
130,11209,577,0.0,0.0,0.0,0.0,0.0,1.0,0.0,0.0,1.0,0.0,77.0,0.0,7.0,1.0,17.0,25.0,1.0,0.0,0.0,2.0,1.0,24.0,0.0,91.0,99.0,1.0,14.0,1.0,31.0,22.0,14.0,0.0,0.0,0.0,1.0,2.0,7.0,11.0,2.0,14.0,2.0,0.0,0.0,13.0,0.0,39.0,7.0,0.0,0.0,36.0,0.0,4.0,0.0,9.0,0.0
131,11210,355,0.0,0.0,0.0,0.0,0.0,0.0,0.0,0.0,0.0,1.0,42.0,0.0,3.0,1.0,6.0,18.0,0.0,0.0,0.0,2.0,0.0,16.0,0.0,78.0,74.0,0.0,0.0,1.0,15.0,13.0,11.0,0.0,0.0,0.0,2.0,5.0,2.0,6.0,0.0,7.0,0.0,0.0,0.0,9.0,0.0,21.0,0.0,0.0,0.0,5.0,0.0,4.0,0.0,13.0,0.0
132,11211,433,1.0,0.0,0.0,1.0,0.0,1.0,0.0,0.0,3.0,0.0,108.0,0.0,6.0,0.0,12.0,16.0,0.0,1.0,0.0,9.0,0.0,10.0,0.0,43.0,34.0,0.0,0.0,2.0,21.0,12.0,12.0,0.0,2.0,0.0,1.0,2.0,0.0,1.0,0.0,2.0,0.0,0.0,4.0,2.0,0.0,42.0,33.0,0.0,0.0,29.0,0.0,1.0,6.0,16.0,0.0
133,11212,462,0.0,0.0,0.0,0.0,0.0,0.0,0.0,0.0,0.0,0.0,95.0,0.0,6.0,0.0,16.0,53.0,0.0,0.0,0.0,1.0,0.0,19.0,0.0,45.0,29.0,0.0,2.0,0.0,28.0,9.0,16.0,0.0,2.0,0.0,1.0,6.0,2.0,4.0,0.0,8.0,0.0,0.0,2.0,5.0,0.0,62.0,0.0,0.0,0.0,13.0,0.0,24.0,4.0,10.0,0.0
134,11213,318,0.0,0.0,0.0,0.0,0.0,0.0,0.0,1.0,0.0,0.0,54.0,0.0,6.0,0.0,6.0,21.0,1.0,0.0,0.0,1.0,0.0,17.0,0.0,54.0,48.0,0.0,1.0,0.0,23.0,8.0,15.0,0.0,2.0,0.0,0.0,3.0,0.0,2.0,0.0,4.0,0.0,0.0,0.0,1.0,0.0,19.0,0.0,0.0,0.0,9.0,0.0,7.0,1.0,14.0,0.0
135,11214,875,0.0,23.0,0.0,0.0,0.0,0.0,0.0,0.0,0.0,0.0,87.0,0.0,15.0,0.0,28.0,40.0,1.0,0.0,0.0,0.0,0.0,15.0,0.0,196.0,193.0,0.0,5.0,2.0,32.0,9.0,27.0,0.0,1.0,0.0,1.0,0.0,7.0,40.0,0.0,15.0,0.0,0.0,1.0,5.0,0.0,40.0,0.0,0.0,0.0,55.0,0.0,7.0,2.0,28.0,0.0
136,11215,502,0.0,6.0,0.0,0.0,0.0,1.0,4.0,0.0,2.0,1.0,70.0,1.0,6.0,1.0,19.0,25.0,0.0,0.0,0.0,11.0,0.0,8.0,0.0,90.0,68.0,0.0,0.0,1.0,25.0,25.0,20.0,0.0,1.0,1.0,2.0,0.0,0.0,0.0,0.0,5.0,1.0,0.0,0.0,3.0,1.0,43.0,15.0,2.0,0.0,21.0,1.0,1.0,9.0,12.0,0.0
137,11216,344,0.0,0.0,0.0,0.0,0.0,0.0,0.0,0.0,0.0,0.0,70.0,0.0,3.0,1.0,13.0,21.0,0.0,0.0,0.0,3.0,0.0,27.0,0.0,54.0,38.0,0.0,0.0,1.0,19.0,6.0,7.0,0.0,2.0,0.0,1.0,3.0,1.0,2.0,0.0,6.0,0.0,0.0,0.0,1.0,0.0,30.0,3.0,0.0,0.0,9.0,0.0,13.0,2.0,8.0,0.0
138,11217,270,0.0,0.0,0.0,0.0,0.0,1.0,0.0,0.0,0.0,0.0,54.0,0.0,3.0,0.0,8.0,15.0,0.0,0.0,0.0,10.0,1.0,8.0,0.0,32.0,30.0,0.0,0.0,1.0,12.0,14.0,10.0,0.0,2.0,1.0,2.0,1.0,1.0,0.0,0.0,3.0,0.0,0.0,0.0,1.0,0.0,29.0,17.0,0.0,0.0,8.0,0.0,1.0,2.0,3.0,0.0
139,11218,853,0.0,0.0,0.0,0.0,0.0,1.0,0.0,0.0,0.0,0.0,65.0,0.0,4.0,1.0,16.0,24.0,1.0,0.0,0.0,1.0,0.0,10.0,0.0,292.0,263.0,0.0,0.0,0.0,21.0,13.0,18.0,0.0,1.0,0.0,1.0,0.0,4.0,10.0,0.0,1.0,0.0,0.0,0.0,15.0,0.0,38.0,2.0,0.0,0.0,28.0,0.0,3.0,6.0,14.0,0.0
140,11219,568,0.0,0.0,0.0,0.0,0.0,0.0,0.0,0.0,0.0,1.0,52.0,0.0,8.0,1.0,26.0,33.0,0.0,0.0,0.0,0.0,0.0,12.0,0.0,142.0,111.0,0.0,3.0,1.0,24.0,19.0,19.0,0.0,0.0,2.0,1.0,0.0,1.0,2.0,0.0,6.0,0.0,0.0,3.0,11.0,0.0,38.0,1.0,0.0,0.0,35.0,0.0,5.0,5.0,6.0,0.0
141,11220,783,0.0,0.0,2.0,0.0,0.0,0.0,0.0,0.0,0.0,0.0,85.0,0.0,16.0,0.0,43.0,76.0,3.0,0.0,12.0,1.0,0.0,19.0,0.0,119.0,83.0,0.0,7.0,0.0,63.0,9.0,18.0,0.0,1.0,0.0,2.0,3.0,6.0,12.0,1.0,6.0,0.0,0.0,2.0,11.0,0.0,70.0,0.0,0.0,0.0,89.0,0.0,3.0,6.0,15.0,0.0
142,11221,430,0.0,1.0,0.0,0.0,0.0,0.0,0.0,1.0,0.0,0.0,98.0,0.0,4.0,0.0,17.0,30.0,0.0,0.0,0.0,1.0,0.0,35.0,0.0,52.0,43.0,0.0,0.0,1.0,24.0,5.0,24.0,1.0,3.0,0.0,0.0,3.0,2.0,3.0,0.0,6.0,0.0,0.0,0.0,1.0,0.0,42.0,1.0,0.0,0.0,7.0,0.0,10.0,0.0,15.0,0.0
143,11222,371,1.0,0.0,0.0,0.0,0.0,0.0,0.0,0.0,0.0,1.0,59.0,0.0,1.0,0.0,7.0,19.0,2.0,0.0,0.0,0.0,1.0,2.0,0.0,83.0,52.0,0.0,0.0,0.0,22.0,10.0,6.0,0.0,0.0,0.0,5.0,1.0,1.0,6.0,0.0,1.0,0.0,0.0,10.0,4.0,0.0,29.0,14.0,0.0,1.0,13.0,0.0,0.0,5.0,14.0,1.0
144,11223,667,0.0,0.0,15.0,0.0,0.0,0.0,0.0,0.0,0.0,0.0,90.0,0.0,19.0,0.0,19.0,23.0,2.0,0.0,0.0,0.0,0.0,17.0,0.0,128.0,110.0,0.0,2.0,0.0,29.0,10.0,22.0,0.0,3.0,0.0,0.0,6.0,2.0,20.0,3.0,5.0,0.0,0.0,0.0,18.0,0.0,45.0,0.0,0.0,0.0,42.0,0.0,2.0,7.0,28.0,0.0
145,11224,317,3.0,55.0,0.0,0.0,0.0,2.0,0.0,0.0,2.0,2.0,27.0,0.0,4.0,0.0,3.0,8.0,0.0,0.0,0.0,0.0,1.0,12.0,0.0,38.0,39.0,0.0,0.0,2.0,3.0,2.0,15.0,0.0,2.0,0.0,9.0,2.0,0.0,3.0,0.0,2.0,0.0,0.0,0.0,8.0,0.0,41.0,1.0,0.0,0.0,5.0,0.0,3.0,11.0,12.0,0.0
146,11225,254,0.0,0.0,0.0,0.0,0.0,0.0,0.0,0.0,1.0,0.0,55.0,0.0,1.0,0.0,6.0,14.0,0.0,0.0,0.0,2.0,0.0,11.0,1.0,35.0,26.0,0.0,0.0,1.0,24.0,7.0,10.0,0.0,2.0,0.0,1.0,0.0,0.0,1.0,0.0,5.0,0.0,0.0,0.0,1.0,0.0,14.0,2.0,0.0,0.0,11.0,0.0,15.0,0.0,8.0,0.0
147,11226,611,0.0,0.0,0.0,0.0,0.0,0.0,0.0,0.0,1.0,1.0,91.0,0.0,5.0,0.0,19.0,49.0,1.0,0.0,0.0,0.0,2.0,37.0,0.0,85.0,83.0,0.0,2.0,3.0,39.0,11.0,12.0,0.0,7.0,0.0,1.0,10.0,0.0,9.0,0.0,5.0,0.0,0.0,0.0,1.0,0.0,74.0,0.0,0.0,0.0,36.0,0.0,17.0,0.0,10.0,0.0
148,11228,346,0.0,0.0,4.0,0.0,0.0,0.0,0.0,0.0,0.0,0.0,42.0,0.0,1.0,1.0,6.0,10.0,0.0,0.0,0.0,0.0,0.0,5.0,0.0,89.0,107.0,0.0,2.0,1.0,17.0,9.0,15.0,1.0,1.0,0.0,0.0,1.0,0.0,5.0,0.0,4.0,0.0,0.0,0.0,1.0,0.0,6.0,1.0,0.0,0.0,4.0,0.0,1.0,1.0,11.0,0.0
149,11229,646,0.0,0.0,5.0,0.0,0.0,0.0,0.0,0.0,0.0,0.0,52.0,0.0,36.0,2.0,22.0,31.0,3.0,0.0,0.0,1.0,0.0,16.0,0.0,104.0,103.0,0.0,2.0,0.0,21.0,14.0,33.0,0.0,2.0,0.0,0.0,0.0,22.0,69.0,0.0,6.0,2.0,0.0,0.0,0.0,0.0,34.0,1.0,0.0,0.0,47.0,0.0,1.0,0.0,17.0,0.0
150,11230,626,1.0,2.0,10.0,0.0,0.0,0.0,0.0,0.0,0.0,0.0,46.0,0.0,9.0,0.0,16.0,18.0,3.0,0.0,0.0,0.0,0.0,7.0,0.0,153.0,133.0,0.0,5.0,0.0,20.0,22.0,29.0,1.0,2.0,0.0,0.0,0.0,6.0,39.0,0.0,6.0,0.0,0.0,0.0,8.0,0.0,33.0,1.0,0.0,0.0,40.0,0.0,3.0,3.0,9.0,1.0
151,11231,294,0.0,0.0,0.0,0.0,0.0,2.0,0.0,0.0,0.0,0.0,40.0,0.0,3.0,0.0,3.0,0.0,0.0,0.0,0.0,0.0,0.0,6.0,0.0,78.0,59.0,0.0,0.0,0.0,13.0,11.0,9.0,0.0,0.0,0.0,2.0,0.0,1.0,1.0,0.0,0.0,0.0,0.0,2.0,6.0,0.0,13.0,12.0,0.0,0.0,13.0,0.0,0.0,8.0,11.0,1.0
152,11232,314,1.0,0.0,0.0,0.0,0.0,0.0,0.0,0.0,2.0,0.0,43.0,0.0,1.0,0.0,10.0,8.0,2.0,0.0,0.0,0.0,0.0,3.0,0.0,79.0,47.0,0.0,2.0,0.0,13.0,0.0,5.0,0.0,1.0,0.0,0.0,2.0,0.0,0.0,1.0,0.0,0.0,1.0,1.0,8.0,0.0,45.0,0.0,0.0,0.0,16.0,1.0,3.0,7.0,11.0,1.0
153,11233,292,0.0,0.0,0.0,0.0,0.0,1.0,0.0,1.0,0.0,0.0,82.0,0.0,2.0,1.0,5.0,11.0,1.0,0.0,0.0,0.0,0.0,20.0,0.0,34.0,26.0,0.0,1.0,0.0,19.0,2.0,9.0,0.0,3.0,1.0,1.0,0.0,2.0,5.0,0.0,3.0,1.0,0.0,0.0,2.0,0.0,21.0,0.0,0.0,0.0,2.0,0.0,20.0,5.0,11.0,0.0
154,11234,747,0.0,0.0,0.0,0.0,0.0,1.0,2.0,0.0,0.0,1.0,58.0,0.0,7.0,1.0,21.0,33.0,0.0,3.0,0.0,1.0,0.0,8.0,0.0,191.0,189.0,0.0,0.0,1.0,25.0,13.0,42.0,0.0,5.0,0.0,0.0,1.0,1.0,4.0,0.0,4.0,0.0,1.0,1.0,21.0,0.0,51.0,1.0,0.0,0.0,3.0,0.0,9.0,6.0,40.0,2.0
155,11235,728,1.0,1.0,6.0,0.0,0.0,0.0,0.0,0.0,1.0,1.0,60.0,0.0,26.0,0.0,30.0,41.0,4.0,0.0,0.0,3.0,0.0,9.0,0.0,140.0,146.0,0.0,3.0,1.0,17.0,10.0,25.0,0.0,0.0,2.0,0.0,2.0,15.0,58.0,1.0,4.0,1.0,0.0,0.0,8.0,0.0,46.0,7.0,0.0,0.0,49.0,0.0,3.0,1.0,6.0,0.0
156,11236,491,0.0,0.0,0.0,0.0,0.0,0.0,0.0,0.0,0.0,0.0,60.0,0.0,4.0,0.0,11.0,22.0,1.0,0.0,0.0,0.0,0.0,19.0,0.0,93.0,72.0,0.0,0.0,0.0,30.0,7.0,23.0,0.0,1.0,1.0,0.0,3.0,1.0,1.0,0.0,8.0,0.0,0.0,5.0,14.0,0.0,46.0,0.0,0.0,0.0,5.0,1.0,19.0,7.0,35.0,2.0
157,11237,362,0.0,0.0,0.0,1.0,0.0,0.0,0.0,0.0,1.0,0.0,80.0,0.0,1.0,0.0,21.0,38.0,3.0,0.0,0.0,0.0,0.0,6.0,0.0,43.0,33.0,0.0,0.0,0.0,27.0,7.0,7.0,0.0,0.0,0.0,5.0,2.0,0.0,1.0,0.0,1.0,0.0,0.0,3.0,3.0,0.0,39.0,5.0,0.0,0.0,21.0,0.0,2.0,4.0,8.0,0.0
158,11238,342,0.0,0.0,18.0,0.0,0.0,2.0,0.0,0.0,0.0,0.0,61.0,0.0,2.0,0.0,4.0,8.0,1.0,1.0,0.0,9.0,1.0,17.0,0.0,57.0,59.0,0.0,0.0,0.0,14.0,14.0,6.0,0.0,0.0,0.0,2.0,0.0,0.0,1.0,1.0,4.0,0.0,0.0,0.0,3.0,0.0,28.0,7.0,0.0,0.0,8.0,0.0,9.0,2.0,3.0,0.0
159,11239,52,0.0,0.0,0.0,0.0,0.0,0.0,0.0,0.0,0.0,0.0,2.0,0.0,0.0,0.0,4.0,11.0,0.0,0.0,0.0,0.0,0.0,6.0,0.0,4.0,2.0,0.0,0.0,0.0,0.0,1.0,3.0,0.0,1.0,0.0,0.0,0.0,0.0,1.0,0.0,1.0,0.0,0.0,0.0,0.0,0.0,8.0,0.0,0.0,0.0,0.0,0.0,0.0,0.0,8.0,0.0
160,11249,108,0.0,0.0,0.0,0.0,0.0,0.0,0.0,0.0,1.0,0.0,10.0,0.0,1.0,0.0,6.0,6.0,1.0,0.0,0.0,7.0,3.0,0.0,0.0,19.0,10.0,0.0,0.0,1.0,3.0,8.0,4.0,0.0,0.0,0.0,1.0,0.0,0.0,1.0,0.0,0.0,0.0,0.0,0.0,1.0,0.0,9.0,8.0,0.0,0.0,6.0,0.0,0.0,0.0,2.0,0.0
161,11372,1,0.0,0.0,0.0,0.0,0.0,0.0,0.0,0.0,0.0,0.0,0.0,0.0,0.0,0.0,0.0,0.0,0.0,0.0,0.0,0.0,0.0,0.0,0.0,0.0,0.0,0.0,0.0,0.0,0.0,0.0,0.0,0.0,0.0,1.0,0.0,0.0,0.0,0.0,0.0,0.0,0.0,0.0,0.0,0.0,0.0,0.0,0.0,0.0,0.0,0.0,0.0,0.0,0.0,0.0,0.0
162,11374,1,0.0,0.0,0.0,0.0,0.0,0.0,0.0,0.0,0.0,0.0,0.0,0.0,0.0,0.0,0.0,0.0,0.0,0.0,0.0,1.0,0.0,0.0,0.0,0.0,0.0,0.0,0.0,0.0,0.0,0.0,0.0,0.0,0.0,0.0,0.0,0.0,0.0,0.0,0.0,0.0,0.0,0.0,0.0,0.0,0.0,0.0,0.0,0.0,0.0,0.0,0.0,0.0,0.0,0.0,0.0
163,11375,1,0.0,0.0,0.0,0.0,0.0,0.0,0.0,0.0,0.0,0.0,0.0,0.0,0.0,0.0,0.0,0.0,0.0,0.0,0.0,0.0,0.0,0.0,0.0,0.0,0.0,0.0,0.0,0.0,0.0,0.0,0.0,0.0,0.0,1.0,0.0,0.0,0.0,0.0,0.0,0.0,0.0,0.0,0.0,0.0,0.0,0.0,0.0,0.0,0.0,0.0,0.0,0.0,0.0,0.0,0.0
164,11377,1,0.0,0.0,0.0,0.0,0.0,0.0,0.0,0.0,0.0,0.0,1.0,0.0,0.0,0.0,0.0,0.0,0.0,0.0,0.0,0.0,0.0,0.0,0.0,0.0,0.0,0.0,0.0,0.0,0.0,0.0,0.0,0.0,0.0,0.0,0.0,0.0,0.0,0.0,0.0,0.0,0.0,0.0,0.0,0.0,0.0,0.0,0.0,0.0,0.0,0.0,0.0,0.0,0.0,0.0,0.0
165,11378,1,0.0,0.0,0.0,0.0,0.0,0.0,0.0,0.0,0.0,0.0,0.0,0.0,0.0,0.0,0.0,0.0,0.0,0.0,0.0,0.0,0.0,0.0,0.0,1.0,0.0,0.0,0.0,0.0,0.0,0.0,0.0,0.0,0.0,0.0,0.0,0.0,0.0,0.0,0.0,0.0,0.0,0.0,0.0,0.0,0.0,0.0,0.0,0.0,0.0,0.0,0.0,0.0,0.0,0.0,0.0
166,11415,1,0.0,0.0,0.0,0.0,0.0,0.0,0.0,0.0,0.0,0.0,0.0,0.0,0.0,0.0,0.0,0.0,0.0,0.0,0.0,0.0,0.0,0.0,0.0,0.0,0.0,0.0,0.0,0.0,0.0,0.0,0.0,0.0,0.0,1.0,0.0,0.0,0.0,0.0,0.0,0.0,0.0,0.0,0.0,0.0,0.0,0.0,0.0,0.0,0.0,0.0,0.0,0.0,0.0,0.0,0.0
167,11429,1,0.0,0.0,0.0,0.0,0.0,0.0,1.0,0.0,0.0,0.0,0.0,0.0,0.0,0.0,0.0,0.0,0.0,0.0,0.0,0.0,0.0,0.0,0.0,0.0,0.0,0.0,0.0,0.0,0.0,0.0,0.0,0.0,0.0,0.0,0.0,0.0,0.0,0.0,0.0,0.0,0.0,0.0,0.0,0.0,0.0,0.0,0.0,0.0,0.0,0.0,0.0,0.0,0.0,0.0,0.0
168,11435,1,0.0,0.0,0.0,0.0,0.0,0.0,0.0,0.0,0.0,0.0,0.0,0.0,0.0,0.0,0.0,0.0,0.0,0.0,0.0,0.0,0.0,0.0,0.0,0.0,0.0,0.0,0.0,0.0,0.0,0.0,0.0,0.0,0.0,1.0,0.0,0.0,0.0,0.0,0.0,0.0,0.0,0.0,0.0,0.0,0.0,0.0,0.0,0.0,0.0,0.0,0.0,0.0,0.0,0.0,0.0
