ZIPCODE,FELONY,MISDEMEANOR,VIOLATION,ABORTION,ADMINISTRATIVE CODE,ADMINISTRATIVE CODES,AGRICULTURE & MRKTS LAW-UNCLASSIFIED,ALCOHOLIC BEVERAGE CONTROL LAW,ANTICIPATORY OFFENSES,ARSON,ASSAULT 3 & RELATED OFFENSES,BURGLAR'S TOOLS,BURGLARY,CHILD ABANDONMENT/NON SUPPORT,CRIMINAL MISCHIEF & RELATED OF,CRIMINAL TRESPASS,DANGEROUS DRUGS,DANGEROUS WEAPONS,DISORDERLY CONDUCT,DISRUPTION OF A RELIGIOUS SERV,ENDAN WELFARE INCOMP,ESCAPE 3,FELONY ASSAULT,FORGERY,FORTUNE TELLING,FRAUDS,FRAUDULENT ACCOSTING,GAMBLING,GRAND LARCENY,GRAND LARCENY OF MOTOR VEHICLE,HARRASSMENT 2,"HOMICIDE-NEGLIGENT,UNCLASSIFIE",HOMICIDE-NEGLIGENT-VEHICLE,INTOXICATED & IMPAIRED DRIVING,INTOXICATED/IMPAIRED DRIVING,JOSTLING,KIDNAPPING,KIDNAPPING & RELATED OFFENSES,KIDNAPPING AND RELATED OFFENSES,LOITERING,LOITERING FOR DRUG PURPOSES,LOITERING/DEVIATE SEX,"LOITERING/GAMBLING (CARDS, DIC",MISCELLANEOUS PENAL LAW,MURDER & NON-NEGL. MANSLAUGHTER,NEW YORK CITY HEALTH CODE,NYS LAWS-UNCLASSIFIED FELONY,NYS LAWS-UNCLASSIFIED VIOLATION,OFF. AGNST PUB ORD SENSBLTY &,OFFENSES AGAINST MARRIAGE UNCL,OFFENSES AGAINST PUBLIC ADMINI,OFFENSES AGAINST PUBLIC SAFETY,OFFENSES AGAINST THE PERSON,OFFENSES INVOLVING FRAUD,OFFENSES RELATED TO CHILDREN,OTHER OFFENSES RELATED TO THEF,OTHER STATE LAWS,OTHER STATE LAWS (NON PENAL LA,OTHER STATE LAWS (NON PENAL LAW),OTHER TRAFFIC INFRACTION,PETIT LARCENY,PETIT LARCENY OF MOTOR VEHICLE,POSSESSION OF STOLEN PROPERTY,PROSTITUTION & RELATED OFFENSES,ROBBERY,SEX CRIMES,THEFT OF SERVICES,THEFT-FRAUD,UNAUTHORIZED USE OF A VEHICLE,UNDER THE INFLUENCE OF DRUGS,UNLAWFUL POSS. WEAP. ON SCHOOL,VEHICLE AND TRAFFIC LAWS
83,1607.0,2425.0,544.0,0.0,14.0,0.0,0.0,0.0,0.0,2.0,314.0,17.0,53.0,0.0,288.0,10.0,418.0,70.0,4.0,0.0,0.0,0.0,67.0,97.0,0.0,23.0,14.0,0.0,971.0,30.0,513.0,0.0,0.0,49.0,0.0,2.0,0.0,1.0,0.0,0.0,0.0,0.0,0.0,66.0,1.0,0.0,2.0,0.0,150.0,0.0,80.0,0.0,12.0,17.0,0.0,8.0,0.0,2.0,0.0,0.0,929.0,0.0,27.0,0.0,168.0,0.0,10.0,58.0,7.0,0.0,0.0,82.0
10001,23891.0,47303.0,4034.0,0.0,38.0,0.0,0.0,7.0,0.0,45.0,3685.0,57.0,2147.0,0.0,2820.0,623.0,1999.0,895.0,9.0,0.0,0.0,2.0,1144.0,1821.0,1.0,292.0,342.0,15.0,14177.0,326.0,3930.0,0.0,0.0,587.0,0.0,26.0,0.0,10.0,0.0,0.0,0.0,0.0,1.0,627.0,11.0,2.0,12.0,0.0,2019.0,0.0,803.0,20.0,66.0,823.0,10.0,128.0,0.0,23.0,0.0,0.0,32585.0,8.0,524.0,7.0,1288.0,0.0,278.0,546.0,67.0,0.0,0.0,382.0
10002,14797.0,31279.0,6017.0,0.0,92.0,0.0,1.0,3.0,1.0,154.0,5280.0,75.0,1305.0,1.0,6274.0,1319.0,4054.0,1393.0,5.0,0.0,2.0,0.0,1715.0,455.0,0.0,218.0,11.0,24.0,4819.0,579.0,5859.0,1.0,1.0,750.0,0.0,5.0,0.0,13.0,0.0,1.0,0.0,0.0,2.0,1206.0,26.0,2.0,12.0,0.0,2398.0,0.0,1169.0,3.0,124.0,455.0,8.0,109.0,10.0,48.0,0.0,0.0,8841.0,10.0,374.0,4.0,1963.0,0.0,60.0,391.0,44.0,0.0,0.0,424.0
10003,17848.0,31715.0,4297.0,0.0,48.0,0.0,1.0,0.0,1.0,28.0,3346.0,78.0,1760.0,1.0,3528.0,235.0,2157.0,700.0,6.0,0.0,0.0,2.0,971.0,405.0,0.0,358.0,76.0,4.0,10488.0,359.0,4158.0,0.0,0.0,247.0,0.0,11.0,0.0,7.0,0.0,0.0,0.0,0.0,0.0,498.0,11.0,0.0,1.0,0.0,1773.0,0.0,570.0,1.0,89.0,141.0,8.0,86.0,2.0,34.0,0.0,0.0,18281.0,9.0,859.0,6.0,1332.0,0.0,44.0,708.0,57.0,0.0,0.0,375.0
10004,1358.0,2419.0,517.0,0.0,7.0,0.0,0.0,0.0,0.0,1.0,293.0,1.0,115.0,1.0,204.0,24.0,45.0,67.0,2.0,0.0,0.0,0.0,90.0,54.0,0.0,31.0,16.0,1.0,812.0,19.0,500.0,0.0,1.0,21.0,0.0,1.0,0.0,1.0,0.0,0.0,0.0,0.0,0.0,62.0,1.0,1.0,0.0,0.0,362.0,0.0,115.0,0.0,14.0,206.0,0.0,10.0,0.0,15.0,0.0,0.0,1000.0,0.0,40.0,0.0,69.0,0.0,18.0,43.0,1.0,0.0,0.0,30.0
10005,1096.0,1617.0,285.0,0.0,3.0,0.0,0.0,0.0,0.0,2.0,177.0,1.0,73.0,0.0,163.0,14.0,12.0,9.0,0.0,0.0,0.0,1.0,42.0,21.0,0.0,31.0,3.0,0.0,745.0,35.0,281.0,0.0,1.0,2.0,0.0,0.0,0.0,2.0,0.0,0.0,0.0,0.0,0.0,35.0,0.0,0.0,1.0,0.0,341.0,0.0,43.0,0.0,2.0,26.0,0.0,11.0,0.0,11.0,0.0,0.0,736.0,1.0,8.0,0.0,40.0,0.0,31.0,67.0,3.0,0.0,0.0,24.0
10006,953.0,1844.0,451.0,0.0,1.0,0.0,0.0,0.0,0.0,8.0,218.0,1.0,64.0,2.0,210.0,29.0,18.0,27.0,0.0,1.0,0.0,0.0,55.0,42.0,0.0,16.0,0.0,0.0,588.0,12.0,445.0,0.0,0.0,25.0,0.0,1.0,0.0,1.0,0.0,0.0,0.0,0.0,0.0,45.0,1.0,1.0,0.0,0.0,351.0,0.0,102.0,0.0,6.0,57.0,0.0,13.0,0.0,2.0,0.0,0.0,774.0,0.0,9.0,0.0,54.0,0.0,0.0,42.0,5.0,0.0,0.0,22.0
10007,3524.0,9824.0,838.0,0.0,8.0,0.0,0.0,0.0,0.0,10.0,528.0,22.0,291.0,1.0,503.0,47.0,64.0,96.0,2.0,1.0,0.0,0.0,117.0,302.0,0.0,70.0,22.0,0.0,2144.0,27.0,821.0,0.0,0.0,46.0,0.0,7.0,0.0,2.0,0.0,0.0,0.0,0.0,0.0,124.0,0.0,0.0,1.0,0.0,651.0,0.0,195.0,0.0,13.0,196.0,0.0,20.0,0.0,4.0,0.0,0.0,7345.0,0.0,113.0,0.0,189.0,0.0,25.0,101.0,4.0,0.0,0.0,74.0
10009,9301.0,17625.0,4095.0,0.0,52.0,0.0,1.0,5.0,1.0,81.0,2782.0,27.0,1016.0,4.0,3028.0,1034.0,2332.0,799.0,6.0,0.0,3.0,2.0,969.0,133.0,0.0,238.0,7.0,16.0,3095.0,395.0,4014.0,0.0,0.0,276.0,0.0,1.0,0.0,14.0,0.0,0.0,2.0,0.0,1.0,738.0,14.0,0.0,15.0,0.0,1717.0,0.0,657.0,1.0,99.0,46.0,1.0,43.0,1.0,25.0,0.0,0.0,5248.0,15.0,203.0,0.0,1015.0,0.0,0.0,631.0,32.0,0.0,0.0,186.0
10010,7456.0,9635.0,1888.0,0.0,11.0,1.0,0.0,1.0,0.0,23.0,1252.0,32.0,846.0,0.0,1110.0,68.0,241.0,249.0,2.0,0.0,1.0,2.0,364.0,171.0,0.0,182.0,22.0,0.0,4313.0,183.0,1850.0,0.0,0.0,161.0,0.0,0.0,0.0,7.0,0.0,0.0,0.0,0.0,0.0,201.0,5.0,0.0,3.0,0.0,1119.0,0.0,196.0,2.0,23.0,27.0,2.0,64.0,0.0,6.0,0.0,0.0,4838.0,4.0,186.0,0.0,468.0,0.0,8.0,473.0,24.0,0.0,1.0,237.0
10011,16457.0,24659.0,3987.0,0.0,24.0,0.0,1.0,1.0,1.0,46.0,2848.0,59.0,1478.0,3.0,2966.0,259.0,2186.0,588.0,3.0,0.0,0.0,3.0,924.0,476.0,0.0,353.0,50.0,4.0,9298.0,340.0,3908.0,0.0,2.0,524.0,0.0,5.0,0.0,6.0,0.0,0.0,0.0,0.0,0.0,474.0,16.0,0.0,3.0,0.0,1797.0,0.0,553.0,3.0,68.0,146.0,3.0,114.0,1.0,11.0,0.0,0.0,12492.0,5.0,599.0,2.0,1309.0,0.0,31.0,699.0,46.0,0.0,2.0,373.0
10012,9749.0,17932.0,1579.0,0.0,12.0,1.0,0.0,2.0,1.0,17.0,1265.0,44.0,1155.0,0.0,2162.0,73.0,1039.0,202.0,1.0,0.0,0.0,0.0,391.0,263.0,0.0,152.0,53.0,10.0,6123.0,163.0,1535.0,0.0,0.0,119.0,0.0,10.0,0.0,3.0,0.0,0.0,0.0,0.0,0.0,201.0,6.0,0.0,7.0,0.0,789.0,0.0,281.0,1.0,22.0,156.0,1.0,51.0,1.0,1.0,0.0,0.0,11614.0,1.0,372.0,0.0,538.0,0.0,10.0,223.0,12.0,0.0,0.0,177.0
10013,9633.0,19002.0,2399.0,0.0,34.0,0.0,0.0,0.0,3.0,26.0,1628.0,28.0,934.0,1.0,2737.0,82.0,406.0,373.0,2.0,0.0,0.0,4.0,770.0,1137.0,2.0,181.0,114.0,42.0,4519.0,204.0,2319.0,0.0,0.0,585.0,0.0,7.0,0.0,11.0,0.0,0.0,0.0,0.0,0.0,568.0,3.0,0.0,112.0,0.0,1165.0,0.0,789.0,16.0,85.0,5073.0,3.0,81.0,6.0,237.0,0.0,0.0,5453.0,1.0,225.0,1.0,523.0,0.0,28.0,206.0,20.0,0.0,1.0,289.0
10014,10429.0,14268.0,2294.0,0.0,24.0,0.0,1.0,1.0,0.0,8.0,1840.0,26.0,1100.0,0.0,1999.0,132.0,1678.0,296.0,2.0,0.0,1.0,2.0,635.0,188.0,0.0,274.0,37.0,0.0,5478.0,317.0,2228.0,0.0,0.0,1276.0,0.0,12.0,0.0,1.0,0.0,0.0,0.0,0.0,0.0,268.0,9.0,1.0,4.0,0.0,867.0,0.0,453.0,1.0,46.0,65.0,5.0,61.0,2.0,2.0,0.0,0.0,5817.0,5.0,292.0,5.0,979.0,0.0,9.0,349.0,29.0,0.0,0.0,166.0
10016,10221.0,13204.0,2945.0,0.0,28.0,0.0,0.0,2.0,0.0,30.0,2267.0,25.0,1251.0,3.0,1781.0,139.0,552.0,198.0,1.0,0.0,1.0,1.0,751.0,255.0,0.0,269.0,17.0,2.0,5341.0,267.0,2876.0,0.0,0.0,681.0,0.0,4.0,0.0,3.0,0.0,0.0,0.0,0.0,0.0,355.0,4.0,0.0,11.0,0.0,1515.0,0.0,350.0,0.0,64.0,43.0,3.0,69.0,0.0,19.0,0.0,0.0,5385.0,5.0,140.0,4.0,745.0,0.0,41.0,533.0,25.0,0.0,0.0,314.0
10017,6645.0,7510.0,1343.0,0.0,13.0,0.0,0.0,0.0,0.0,8.0,1064.0,17.0,622.0,0.0,634.0,65.0,150.0,263.0,1.0,0.0,0.0,1.0,273.0,286.0,0.0,127.0,46.0,0.0,4204.0,94.0,1297.0,0.0,0.0,136.0,0.0,11.0,0.0,2.0,0.0,0.0,0.0,0.0,0.0,244.0,3.0,0.0,1.0,0.0,1064.0,0.0,217.0,0.0,32.0,88.0,2.0,38.0,0.0,1.0,0.0,0.0,3550.0,2.0,73.0,1.0,309.0,0.0,15.0,282.0,27.0,0.0,0.0,235.0
10018,10926.0,14925.0,1845.0,0.0,24.0,0.0,0.0,15.0,2.0,7.0,2171.0,15.0,1621.0,0.0,1470.0,200.0,1616.0,416.0,6.0,0.0,0.0,0.0,701.0,345.0,3.0,150.0,190.0,9.0,5730.0,155.0,1814.0,1.0,0.0,474.0,0.0,4.0,0.0,4.0,1.0,0.0,0.0,0.0,0.0,382.0,9.0,0.0,15.0,0.0,1109.0,0.0,601.0,5.0,66.0,326.0,9.0,81.0,0.0,140.0,0.0,0.0,6258.0,2.0,145.0,22.0,803.0,0.0,0.0,265.0,43.0,0.0,0.0,271.0
10019,15423.0,21819.0,4846.0,0.0,42.0,0.0,0.0,0.0,0.0,39.0,3115.0,53.0,1240.0,0.0,1932.0,173.0,1717.0,239.0,2.0,3.0,0.0,0.0,785.0,432.0,0.0,167.0,303.0,11.0,9851.0,281.0,4737.0,0.0,0.0,227.0,0.0,23.0,0.0,12.0,0.0,1.0,0.0,0.0,0.0,422.0,15.0,0.0,3.0,0.0,2310.0,0.0,603.0,4.0,90.0,629.0,2.0,115.0,1.0,12.0,0.0,0.0,10135.0,0.0,169.0,8.0,864.0,0.0,22.0,809.0,68.0,0.0,2.0,420.0
10020,1410.0,1834.0,143.0,0.0,2.0,0.0,0.0,0.0,0.0,0.0,70.0,4.0,42.0,0.0,57.0,12.0,34.0,8.0,1.0,0.0,0.0,0.0,15.0,26.0,0.0,7.0,9.0,0.0,1222.0,4.0,140.0,0.0,0.0,2.0,0.0,2.0,0.0,0.0,0.0,0.0,0.0,0.0,0.0,21.0,0.0,0.0,0.0,0.0,128.0,0.0,15.0,0.0,2.0,59.0,0.0,2.0,0.0,0.0,0.0,0.0,1438.0,0.0,14.0,0.0,17.0,0.0,0.0,24.0,4.0,0.0,0.0,6.0
10021,4407.0,4685.0,931.0,0.0,9.0,0.0,0.0,0.0,1.0,15.0,556.0,3.0,561.0,0.0,656.0,22.0,58.0,32.0,0.0,0.0,1.0,0.0,151.0,82.0,0.0,180.0,6.0,0.0,2573.0,178.0,925.0,0.0,0.0,101.0,0.0,0.0,0.0,3.0,0.0,0.0,0.0,0.0,0.0,84.0,2.0,0.0,3.0,0.0,664.0,0.0,90.0,1.0,14.0,10.0,0.0,18.0,0.0,0.0,0.0,0.0,2205.0,0.0,49.0,0.0,197.0,0.0,0.0,424.0,6.0,0.0,0.0,143.0
10022,10101.0,12599.0,1966.0,0.0,16.0,0.0,0.0,0.0,0.0,9.0,1517.0,30.0,900.0,0.0,1052.0,68.0,148.0,165.0,1.0,0.0,0.0,0.0,361.0,296.0,0.0,190.0,50.0,1.0,7006.0,137.0,1913.0,0.0,0.0,240.0,0.0,5.0,0.0,6.0,0.0,0.0,0.0,0.0,0.0,214.0,4.0,0.0,2.0,0.0,1355.0,0.0,261.0,2.0,48.0,127.0,1.0,60.0,1.0,1.0,0.0,0.0,7103.0,2.0,169.0,3.0,396.0,0.0,16.0,420.0,14.0,0.0,0.0,356.0
10023,8851.0,15743.0,3372.0,0.0,16.0,0.0,0.0,4.0,1.0,24.0,1965.0,14.0,652.0,1.0,1690.0,226.0,590.0,264.0,7.0,1.0,0.0,0.0,390.0,266.0,0.0,516.0,46.0,0.0,5207.0,230.0,3287.0,0.0,0.0,286.0,0.0,0.0,0.0,9.0,0.0,0.0,0.0,0.0,0.0,309.0,8.0,1.0,11.0,0.0,1413.0,0.0,484.0,1.0,58.0,39.0,2.0,129.0,1.0,7.0,0.0,0.0,7950.0,5.0,239.0,3.0,647.0,0.0,3.0,721.0,24.0,0.0,1.0,218.0
10024,7001.0,12408.0,2762.0,0.0,20.0,0.0,0.0,2.0,0.0,25.0,1342.0,20.0,635.0,1.0,2058.0,298.0,691.0,187.0,5.0,0.0,1.0,0.0,329.0,153.0,1.0,471.0,20.0,6.0,3581.0,285.0,2706.0,0.0,0.0,294.0,0.0,2.0,0.0,5.0,0.0,0.0,1.0,0.0,0.0,262.0,10.0,0.0,14.0,0.0,1180.0,0.0,301.0,3.0,43.0,28.0,1.0,71.0,2.0,7.0,0.0,0.0,5356.0,5.0,151.0,0.0,695.0,0.0,5.0,655.0,55.0,0.0,0.0,188.0
10025,12465.0,25269.0,6475.0,0.0,54.0,0.0,1.0,3.0,1.0,82.0,3498.0,16.0,1142.0,3.0,4168.0,1354.0,2529.0,473.0,8.0,0.0,1.0,0.0,1127.0,297.0,0.0,333.0,28.0,47.0,4817.0,453.0,6357.0,0.0,0.0,218.0,0.0,7.0,0.0,11.0,0.0,1.0,0.0,0.0,1.0,851.0,23.0,3.0,14.0,0.0,2356.0,0.0,744.0,4.0,101.0,58.0,2.0,96.0,0.0,8.0,0.0,0.0,9635.0,10.0,262.0,2.0,1700.0,0.0,20.0,1001.0,65.0,0.0,0.0,224.0
10026,8312.0,18131.0,3980.0,0.0,67.0,0.0,2.0,3.0,1.0,72.0,3288.0,16.0,621.0,3.0,2529.0,1544.0,5145.0,718.0,5.0,0.0,0.0,1.0,1281.0,294.0,0.0,119.0,3.0,126.0,1489.0,201.0,3885.0,0.0,0.0,180.0,0.0,0.0,0.0,21.0,0.0,0.0,1.0,0.0,6.0,900.0,31.0,1.0,14.0,0.0,1343.0,1.0,928.0,2.0,67.0,52.0,0.0,42.0,1.0,30.0,0.0,0.0,3258.0,2.0,135.0,2.0,1504.0,0.0,52.0,203.0,32.0,0.0,0.0,202.0
10027,17314.0,38610.0,7898.0,0.0,174.0,0.0,0.0,11.0,1.0,173.0,6132.0,32.0,1288.0,6.0,4909.0,2159.0,6574.0,1859.0,22.0,0.0,1.0,5.0,2287.0,1055.0,0.0,441.0,27.0,58.0,4532.0,470.0,7623.0,0.0,2.0,750.0,0.0,2.0,0.0,22.0,0.0,0.0,1.0,0.0,12.0,1693.0,58.0,2.0,50.0,1.0,3178.0,1.0,1775.0,15.0,231.0,353.0,7.0,143.0,11.0,256.0,0.0,0.0,10832.0,8.0,362.0,3.0,2666.0,0.0,122.0,560.0,116.0,0.0,0.0,751.0
10028,5465.0,7992.0,1063.0,0.0,17.0,0.0,0.0,0.0,1.0,13.0,782.0,17.0,719.0,0.0,927.0,45.0,148.0,90.0,0.0,0.0,0.0,0.0,212.0,187.0,0.0,191.0,18.0,0.0,2968.0,152.0,1043.0,0.0,0.0,115.0,0.0,0.0,0.0,5.0,0.0,0.0,0.0,0.0,0.0,134.0,2.0,0.0,1.0,0.0,705.0,0.0,143.0,0.0,27.0,38.0,0.0,39.0,0.0,3.0,0.0,0.0,4701.0,3.0,122.0,0.0,362.0,0.0,17.0,446.0,14.0,0.0,0.0,113.0
10029,17578.0,44216.0,9421.0,0.0,141.0,0.0,2.0,9.0,3.0,349.0,8070.0,16.0,1168.0,11.0,6645.0,5176.0,7781.0,2470.0,22.0,1.0,3.0,1.0,2631.0,997.0,0.0,476.0,11.0,61.0,3254.0,458.0,9132.0,1.0,0.0,613.0,1.0,4.0,0.0,26.0,0.0,0.0,0.0,0.0,3.0,2137.0,64.0,1.0,52.0,0.0,4246.0,0.0,2494.0,7.0,279.0,162.0,6.0,128.0,7.0,55.0,0.0,0.0,7337.0,14.0,401.0,15.0,2961.0,0.0,202.0,475.0,125.0,0.0,2.0,509.0
10030,7171.0,15047.0,3980.0,0.0,65.0,0.0,0.0,8.0,1.0,63.0,3486.0,3.0,581.0,2.0,1945.0,715.0,3091.0,1031.0,8.0,0.0,0.0,1.0,1256.0,219.0,0.0,174.0,2.0,67.0,1224.0,198.0,3829.0,1.0,0.0,239.0,1.0,2.0,0.0,16.0,0.0,0.0,0.0,1.0,37.0,917.0,38.0,1.0,20.0,0.0,1712.0,0.0,1030.0,3.0,116.0,55.0,0.0,91.0,2.0,28.0,0.0,0.0,2118.0,3.0,120.0,1.0,1091.0,0.0,32.0,266.0,49.0,0.0,1.0,238.0
10031,11819.0,27398.0,5544.0,0.0,114.0,1.0,2.0,23.0,1.0,62.0,4970.0,15.0,1125.0,2.0,3506.0,854.0,7217.0,1479.0,13.0,1.0,1.0,2.0,1756.0,392.0,0.0,235.0,8.0,44.0,2204.0,351.0,5358.0,0.0,0.0,871.0,0.0,3.0,0.0,27.0,0.0,1.0,0.0,0.0,0.0,1081.0,39.0,5.0,143.0,1.0,2082.0,0.0,1115.0,12.0,122.0,69.0,1.0,116.0,9.0,84.0,0.0,0.0,3982.0,18.0,260.0,3.0,2318.0,0.0,28.0,392.0,82.0,0.0,0.0,2161.0
10032,10265.0,19726.0,4101.0,0.0,61.0,0.0,0.0,14.0,1.0,63.0,3819.0,9.0,1009.0,1.0,3817.0,394.0,2751.0,1061.0,12.0,1.0,0.0,1.0,1449.0,461.0,0.0,262.0,8.0,21.0,2149.0,477.0,4006.0,0.0,1.0,485.0,0.0,0.0,0.0,29.0,0.0,0.0,0.0,0.0,0.0,692.0,26.0,1.0,36.0,0.0,1983.0,0.0,821.0,11.0,88.0,50.0,2.0,89.0,3.0,13.0,0.0,0.0,4890.0,10.0,214.0,1.0,1664.0,0.0,76.0,407.0,93.0,1.0,0.0,559.0
10033,9040.0,15147.0,3071.0,0.0,49.0,0.0,2.0,12.0,0.0,34.0,2977.0,7.0,980.0,0.0,2708.0,398.0,2314.0,915.0,10.0,0.0,2.0,0.0,1042.0,550.0,0.0,180.0,1.0,19.0,2063.0,427.0,2987.0,0.0,2.0,540.0,0.0,3.0,0.0,15.0,0.0,0.0,0.0,0.0,0.0,563.0,27.0,0.0,23.0,0.0,1654.0,0.0,626.0,45.0,89.0,107.0,1.0,71.0,2.0,17.0,0.0,0.0,3402.0,6.0,208.0,8.0,1404.0,0.0,4.0,380.0,88.0,0.0,1.0,295.0
10034,6591.0,11318.0,2068.0,0.0,16.0,0.0,0.0,11.0,0.0,58.0,2360.0,5.0,816.0,1.0,2418.0,275.0,963.0,728.0,5.0,0.0,0.0,0.0,920.0,257.0,0.0,126.0,0.0,4.0,1452.0,447.0,2032.0,0.0,0.0,573.0,0.0,0.0,0.0,11.0,0.0,0.0,0.0,0.0,0.0,374.0,15.0,1.0,10.0,0.0,1161.0,0.0,393.0,17.0,95.0,70.0,1.0,70.0,2.0,8.0,0.0,0.0,2642.0,8.0,113.0,0.0,906.0,0.0,0.0,326.0,74.0,0.0,0.0,213.0
10035,11634.0,30128.0,5462.0,0.0,75.0,0.0,1.0,6.0,2.0,99.0,4650.0,8.0,890.0,1.0,4252.0,1577.0,5155.0,1639.0,13.0,0.0,2.0,5.0,1882.0,718.0,0.0,602.0,17.0,40.0,2194.0,347.0,5255.0,1.0,0.0,1435.0,0.0,1.0,0.0,24.0,1.0,0.0,0.0,0.0,2.0,1100.0,55.0,10.0,44.0,0.0,2346.0,0.0,1116.0,2.0,104.0,84.0,5.0,64.0,10.0,222.0,0.0,0.0,7672.0,4.0,494.0,9.0,1631.0,0.0,622.0,313.0,55.0,0.0,1.0,367.0
10036,16932.0,26158.0,4047.0,0.0,36.0,0.0,0.0,1.0,1.0,32.0,3711.0,36.0,1006.0,1.0,1723.0,234.0,3569.0,1261.0,23.0,0.0,0.0,0.0,998.0,986.0,0.0,264.0,570.0,13.0,10189.0,175.0,3649.0,0.0,1.0,415.0,0.0,26.0,0.0,10.0,0.0,1.0,0.0,0.0,0.0,845.0,8.0,0.0,12.0,0.0,1581.0,0.0,1321.0,1.0,116.0,363.0,3.0,191.0,4.0,20.0,0.0,0.0,11417.0,0.0,401.0,32.0,859.0,0.0,129.0,470.0,44.0,0.0,1.0,388.0
10037,3785.0,9302.0,1698.0,0.0,31.0,0.0,1.0,2.0,0.0,50.0,1461.0,2.0,284.0,2.0,1314.0,1113.0,2501.0,469.0,4.0,0.0,0.0,0.0,597.0,63.0,0.0,117.0,1.0,29.0,663.0,155.0,1653.0,0.0,0.0,105.0,0.0,0.0,0.0,5.0,0.0,0.0,0.0,0.0,1.0,428.0,18.0,2.0,8.0,0.0,953.0,0.0,376.0,0.0,47.0,20.0,0.0,18.0,3.0,46.0,0.0,0.0,1357.0,4.0,54.0,7.0,541.0,0.0,0.0,148.0,33.0,0.0,0.0,99.0
10038,3599.0,6754.0,1592.0,0.0,9.0,0.0,0.0,2.0,2.0,47.0,1141.0,3.0,328.0,0.0,933.0,236.0,284.0,128.0,3.0,0.0,1.0,1.0,358.0,122.0,0.0,90.0,6.0,2.0,1695.0,91.0,1567.0,0.0,0.0,26.0,0.0,0.0,0.0,5.0,0.0,0.0,0.0,0.0,0.0,255.0,9.0,0.0,1.0,0.0,992.0,0.0,235.0,0.0,23.0,225.0,1.0,29.0,0.0,14.0,0.0,0.0,2444.0,0.0,53.0,0.0,326.0,0.0,5.0,157.0,11.0,0.0,1.0,84.0
10039,6129.0,14181.0,3390.0,0.0,58.0,0.0,0.0,5.0,0.0,112.0,3183.0,4.0,415.0,5.0,1937.0,971.0,2648.0,771.0,2.0,0.0,2.0,2.0,1015.0,194.0,0.0,166.0,0.0,62.0,973.0,162.0,3309.0,0.0,0.0,201.0,0.0,0.0,0.0,17.0,0.0,0.0,0.0,0.0,8.0,781.0,28.0,5.0,18.0,0.0,1531.0,0.0,663.0,6.0,72.0,60.0,3.0,78.0,0.0,36.0,0.0,0.0,2525.0,4.0,128.0,1.0,1008.0,0.0,3.0,230.0,82.0,0.0,0.0,216.0
10040,5559.0,9722.0,1928.0,0.0,32.0,0.0,0.0,3.0,0.0,33.0,1926.0,3.0,885.0,3.0,2322.0,149.0,830.0,498.0,3.0,0.0,0.0,0.0,671.0,206.0,0.0,121.0,0.0,9.0,1173.0,389.0,1891.0,0.0,1.0,340.0,0.0,0.0,0.0,17.0,0.0,0.0,0.0,0.0,0.0,284.0,10.0,0.0,8.0,0.0,1158.0,0.0,319.0,9.0,126.0,50.0,2.0,34.0,0.0,4.0,0.0,0.0,2266.0,10.0,77.0,0.0,864.0,0.0,0.0,295.0,39.0,0.0,0.0,149.0
10044,438.0,646.0,225.0,0.0,0.0,0.0,0.0,0.0,0.0,10.0,170.0,1.0,72.0,0.0,91.0,20.0,82.0,17.0,0.0,0.0,0.0,0.0,85.0,2.0,0.0,11.0,0.0,0.0,115.0,4.0,220.0,0.0,0.0,3.0,0.0,1.0,0.0,2.0,0.0,0.0,0.0,0.0,0.0,31.0,0.0,0.0,1.0,0.0,99.0,0.0,47.0,0.0,4.0,0.0,3.0,4.0,0.0,0.0,0.0,0.0,122.0,0.0,6.0,0.0,35.0,0.0,0.0,47.0,1.0,0.0,0.0,3.0
10048,111.0,113.0,16.0,0.0,0.0,0.0,0.0,0.0,0.0,0.0,15.0,1.0,4.0,0.0,38.0,0.0,1.0,0.0,0.0,0.0,0.0,0.0,9.0,13.0,0.0,1.0,0.0,0.0,48.0,0.0,15.0,0.0,0.0,2.0,0.0,0.0,0.0,0.0,0.0,0.0,0.0,0.0,1.0,2.0,0.0,0.0,0.0,0.0,8.0,0.0,5.0,0.0,0.0,12.0,0.0,1.0,0.0,0.0,0.0,0.0,42.0,0.0,5.0,0.0,4.0,0.0,11.0,1.0,0.0,0.0,0.0,1.0
10065,5712.0,7259.0,1193.0,0.0,9.0,0.0,0.0,0.0,2.0,11.0,725.0,9.0,579.0,2.0,891.0,45.0,155.0,59.0,0.0,0.0,0.0,0.0,206.0,163.0,1.0,181.0,8.0,2.0,3586.0,185.0,1175.0,0.0,0.0,908.0,0.0,1.0,0.0,5.0,0.0,0.0,0.0,0.0,0.0,160.0,5.0,0.0,4.0,0.0,835.0,0.0,149.0,0.0,24.0,31.0,0.0,29.0,1.0,3.0,0.0,0.0,3076.0,3.0,102.0,1.0,268.0,0.0,1.0,341.0,15.0,0.0,0.0,208.0
10069,236.0,245.0,77.0,0.0,0.0,0.0,0.0,0.0,0.0,1.0,44.0,1.0,14.0,0.0,23.0,1.0,4.0,2.0,0.0,0.0,0.0,0.0,6.0,1.0,0.0,38.0,0.0,0.0,130.0,14.0,76.0,0.0,0.0,1.0,0.0,0.0,0.0,0.0,0.0,0.0,0.0,0.0,0.0,5.0,0.0,0.0,0.0,0.0,54.0,0.0,8.0,0.0,1.0,0.0,0.0,1.0,0.0,0.0,0.0,0.0,64.0,0.0,0.0,0.0,15.0,0.0,0.0,49.0,2.0,0.0,0.0,3.0
10075,2662.0,2691.0,528.0,0.0,3.0,0.0,0.0,0.0,0.0,6.0,311.0,5.0,298.0,0.0,490.0,26.0,54.0,21.0,0.0,0.0,0.0,0.0,94.0,81.0,0.0,118.0,8.0,0.0,1443.0,95.0,521.0,0.0,0.0,72.0,0.0,0.0,0.0,3.0,0.0,0.0,0.0,0.0,0.0,78.0,3.0,1.0,0.0,0.0,336.0,0.0,74.0,0.0,7.0,14.0,0.0,17.0,0.0,0.0,0.0,0.0,1183.0,1.0,32.0,0.0,163.0,0.0,15.0,231.0,3.0,0.0,0.0,74.0
10111,123.0,216.0,10.0,0.0,0.0,0.0,0.0,0.0,0.0,0.0,5.0,0.0,1.0,1.0,2.0,0.0,4.0,2.0,0.0,2.0,0.0,0.0,1.0,2.0,0.0,1.0,3.0,0.0,107.0,0.0,9.0,0.0,0.0,2.0,0.0,1.0,0.0,1.0,0.0,0.0,0.0,0.0,0.0,3.0,0.0,0.0,0.0,0.0,10.0,0.0,3.0,0.0,0.0,8.0,0.0,1.0,0.0,1.0,0.0,0.0,169.0,0.0,3.0,0.0,1.0,0.0,0.0,4.0,0.0,0.0,0.0,2.0
10115,20.0,33.0,3.0,0.0,0.0,0.0,0.0,0.0,0.0,0.0,2.0,0.0,2.0,0.0,7.0,0.0,0.0,0.0,0.0,0.0,0.0,0.0,0.0,0.0,0.0,0.0,0.0,0.0,14.0,1.0,3.0,0.0,0.0,0.0,0.0,0.0,0.0,0.0,0.0,0.0,0.0,0.0,0.0,1.0,0.0,0.0,0.0,0.0,10.0,0.0,1.0,0.0,0.0,0.0,0.0,0.0,0.0,0.0,0.0,0.0,13.0,0.0,0.0,0.0,0.0,0.0,0.0,2.0,0.0,0.0,0.0,0.0
10128,5694.0,8223.0,1667.0,0.0,18.0,0.0,0.0,0.0,0.0,77.0,1081.0,16.0,722.0,1.0,1313.0,121.0,314.0,96.0,0.0,0.0,0.0,0.0,311.0,132.0,0.0,252.0,11.0,0.0,2636.0,284.0,1653.0,0.0,0.0,199.0,0.0,0.0,0.0,4.0,0.0,0.0,0.0,0.0,0.0,241.0,2.0,0.0,6.0,0.0,966.0,0.0,210.0,1.0,42.0,17.0,0.0,26.0,0.0,1.0,0.0,0.0,3543.0,8.0,84.0,0.0,481.0,0.0,4.0,510.0,44.0,0.0,0.0,157.0
10280,403.0,561.0,217.0,0.0,3.0,0.0,0.0,0.0,0.0,2.0,104.0,0.0,27.0,0.0,64.0,4.0,4.0,2.0,0.0,0.0,0.0,0.0,22.0,4.0,0.0,27.0,0.0,0.0,204.0,48.0,215.0,0.0,0.0,16.0,0.0,0.0,0.0,0.0,0.0,0.0,0.0,0.0,0.0,17.0,0.0,0.0,0.0,0.0,138.0,0.0,10.0,0.0,4.0,5.0,0.0,6.0,0.0,0.0,0.0,0.0,170.0,0.0,0.0,0.0,5.0,0.0,0.0,61.0,4.0,0.0,0.0,15.0
10281,59.0,103.0,23.0,0.0,0.0,0.0,0.0,0.0,0.0,1.0,8.0,0.0,2.0,0.0,5.0,2.0,1.0,0.0,0.0,0.0,0.0,0.0,2.0,0.0,0.0,0.0,0.0,0.0,41.0,2.0,22.0,0.0,1.0,5.0,0.0,0.0,0.0,0.0,0.0,0.0,0.0,0.0,0.0,4.0,0.0,0.0,0.0,0.0,25.0,0.0,6.0,0.0,1.0,0.0,0.0,0.0,0.0,0.0,0.0,0.0,50.0,0.0,0.0,0.0,3.0,0.0,0.0,3.0,0.0,0.0,0.0,1.0
10282,400.0,579.0,118.0,0.0,0.0,0.0,0.0,0.0,0.0,4.0,60.0,1.0,24.0,0.0,62.0,5.0,12.0,3.0,0.0,0.0,0.0,0.0,9.0,4.0,0.0,14.0,1.0,0.0,286.0,20.0,116.0,0.0,0.0,4.0,0.0,0.0,0.0,0.0,0.0,0.0,0.0,0.0,0.0,14.0,0.0,0.0,1.0,0.0,111.0,0.0,5.0,0.0,1.0,0.0,0.0,2.0,0.0,0.0,0.0,0.0,298.0,0.0,1.0,0.0,10.0,0.0,0.0,23.0,1.0,0.0,0.0,5.0
10301,6369.0,17784.0,5625.0,0.0,101.0,0.0,0.0,3.0,1.0,89.0,3675.0,9.0,942.0,2.0,4017.0,201.0,1552.0,693.0,6.0,0.0,0.0,2.0,867.0,146.0,0.0,349.0,1.0,3.0,1250.0,426.0,5587.0,0.0,2.0,442.0,0.0,0.0,0.0,15.0,0.0,0.0,0.0,0.0,0.0,519.0,33.0,0.0,22.0,0.0,1977.0,0.0,1303.0,8.0,67.0,35.0,4.0,50.0,1.0,31.0,0.0,0.0,3953.0,5.0,99.0,0.0,776.0,0.0,0.0,216.0,144.0,0.0,0.0,154.0
10302,3431.0,8909.0,2346.0,1.0,32.0,0.0,1.0,8.0,0.0,45.0,1812.0,5.0,416.0,0.0,1972.0,108.0,980.0,488.0,1.0,0.0,0.0,0.0,477.0,167.0,0.0,122.0,1.0,0.0,527.0,191.0,2321.0,0.0,0.0,313.0,0.0,0.0,0.0,8.0,0.0,0.0,0.0,0.0,0.0,309.0,15.0,0.0,27.0,0.0,764.0,0.0,525.0,5.0,24.0,47.0,1.0,21.0,1.0,21.0,0.0,0.0,2142.0,2.0,70.0,1.0,471.0,0.0,0.0,114.0,56.0,0.0,0.0,74.0
10303,4051.0,10706.0,3153.0,0.0,58.0,0.0,1.0,0.0,1.0,87.0,2046.0,1.0,451.0,2.0,2438.0,145.0,1206.0,513.0,1.0,0.0,0.0,0.0,598.0,98.0,0.0,211.0,0.0,1.0,605.0,304.0,3135.0,0.0,2.0,317.0,0.0,0.0,0.0,5.0,0.0,0.0,0.0,0.0,0.0,405.0,21.0,0.0,17.0,0.0,1379.0,0.0,586.0,7.0,45.0,29.0,3.0,44.0,0.0,5.0,0.0,0.0,2223.0,4.0,83.0,0.0,447.0,0.0,0.0,163.0,116.0,0.0,0.0,107.0
10304,6518.0,17386.0,5225.0,0.0,86.0,0.0,0.0,5.0,0.0,117.0,3591.0,1.0,833.0,0.0,3785.0,240.0,2349.0,737.0,5.0,0.0,2.0,3.0,991.0,137.0,0.0,289.0,1.0,3.0,1149.0,421.0,5182.0,0.0,1.0,491.0,0.0,0.0,0.0,7.0,0.0,0.0,0.0,0.0,0.0,607.0,27.0,0.0,32.0,0.0,1910.0,0.0,1108.0,7.0,72.0,45.0,1.0,54.0,3.0,26.0,0.0,0.0,3342.0,3.0,101.0,1.0,780.0,0.0,0.0,263.0,142.0,0.0,0.0,179.0
10305,4095.0,11098.0,3823.0,0.0,41.0,0.0,0.0,3.0,0.0,55.0,1720.0,3.0,613.0,0.0,3003.0,87.0,706.0,256.0,0.0,0.0,0.0,0.0,394.0,85.0,0.0,223.0,3.0,0.0,883.0,364.0,3803.0,2.0,1.0,685.0,0.0,0.0,0.0,9.0,0.0,0.0,0.0,0.0,0.0,423.0,10.0,0.0,33.0,0.0,1640.0,0.0,429.0,10.0,31.0,8.0,2.0,17.0,0.0,7.0,0.0,0.0,2577.0,4.0,64.0,3.0,287.0,0.0,0.0,285.0,102.0,0.0,0.0,145.0
10306,4646.0,13788.0,4851.0,0.0,27.0,0.0,1.0,1.0,0.0,70.0,1785.0,4.0,664.0,0.0,3777.0,107.0,760.0,333.0,0.0,0.0,1.0,0.0,335.0,110.0,0.0,256.0,1.0,0.0,1179.0,305.0,4828.0,0.0,0.0,380.0,0.0,0.0,0.0,4.0,0.0,0.0,0.0,0.0,0.0,454.0,7.0,0.0,11.0,0.0,2195.0,0.0,479.0,3.0,37.0,17.0,3.0,47.0,0.0,4.0,0.0,0.0,3894.0,1.0,134.0,0.0,290.0,0.0,0.0,484.0,138.0,0.0,0.0,159.0
10307,1045.0,2909.0,1108.0,0.0,15.0,0.0,0.0,0.0,0.0,20.0,435.0,0.0,167.0,0.0,779.0,32.0,137.0,54.0,0.0,0.0,0.0,0.0,62.0,21.0,0.0,90.0,0.0,0.0,266.0,62.0,1096.0,0.0,0.0,91.0,0.0,0.0,0.0,1.0,0.0,0.0,0.0,0.0,0.0,54.0,2.0,0.0,3.0,0.0,620.0,0.0,128.0,3.0,9.0,7.0,0.0,5.0,3.0,0.0,0.0,0.0,666.0,1.0,25.0,0.0,37.0,0.0,0.0,107.0,44.0,0.0,0.0,20.0
10308,1877.0,5279.0,2154.0,0.0,20.0,0.0,0.0,0.0,0.0,26.0,712.0,1.0,253.0,0.0,1554.0,33.0,264.0,110.0,0.0,0.0,0.0,0.0,118.0,24.0,0.0,110.0,0.0,0.0,469.0,146.0,2137.0,0.0,2.0,124.0,0.0,0.0,0.0,2.0,0.0,0.0,0.0,0.0,0.0,202.0,0.0,0.0,3.0,0.0,1046.0,0.0,168.0,3.0,13.0,4.0,3.0,17.0,0.0,0.0,0.0,0.0,1282.0,1.0,17.0,0.0,103.0,0.0,0.0,250.0,44.0,0.0,0.0,49.0
10309,2778.0,7792.0,2321.0,0.0,20.0,0.0,0.0,1.0,0.0,41.0,906.0,6.0,457.0,0.0,2050.0,50.0,445.0,118.0,2.0,0.0,0.0,1.0,206.0,51.0,0.0,149.0,0.0,0.0,703.0,200.0,2296.0,0.0,0.0,510.0,0.0,0.0,0.0,2.0,0.0,0.0,0.0,0.0,0.0,158.0,5.0,0.0,13.0,0.0,1255.0,0.0,325.0,15.0,36.0,8.0,1.0,32.0,0.0,3.0,0.0,0.0,2258.0,1.0,55.0,0.0,97.0,0.0,0.0,268.0,71.0,1.0,0.0,75.0
10310,3786.0,10112.0,3032.0,0.0,46.0,0.0,1.0,3.0,0.0,87.0,1997.0,9.0,507.0,1.0,2465.0,149.0,1024.0,436.0,1.0,0.0,0.0,0.0,539.0,79.0,0.0,164.0,1.0,3.0,758.0,251.0,3007.0,0.0,1.0,312.0,0.0,0.0,0.0,4.0,0.0,0.0,0.0,0.0,2.0,338.0,10.0,0.0,12.0,0.0,1072.0,0.0,663.0,4.0,39.0,24.0,2.0,28.0,1.0,4.0,0.0,0.0,2077.0,1.0,67.0,0.0,378.0,0.0,0.0,137.0,116.0,0.0,1.0,109.0
10312,3713.0,10198.0,3466.0,0.0,24.0,0.0,0.0,0.0,0.0,42.0,1273.0,3.0,528.0,1.0,3210.0,67.0,571.0,194.0,5.0,0.0,0.0,0.0,213.0,59.0,0.0,239.0,1.0,0.0,913.0,288.0,3424.0,0.0,0.0,276.0,0.0,0.0,0.0,2.0,0.0,0.0,0.0,0.0,0.0,239.0,6.0,0.0,9.0,0.0,1916.0,0.0,437.0,7.0,43.0,11.0,2.0,19.0,1.0,1.0,0.0,0.0,2436.0,1.0,63.0,0.0,173.0,0.0,0.0,475.0,94.0,0.0,0.0,111.0
10314,7557.0,24443.0,6967.0,0.0,39.0,0.0,2.0,1.0,1.0,111.0,2667.0,21.0,989.0,2.0,5402.0,162.0,973.0,390.0,0.0,0.0,0.0,0.0,561.0,192.0,0.0,404.0,1.0,0.0,2474.0,607.0,6921.0,0.0,1.0,1048.0,0.0,0.0,0.0,9.0,0.0,0.0,0.0,0.0,0.0,549.0,12.0,1.0,20.0,0.0,3189.0,0.0,639.0,21.0,67.0,35.0,4.0,67.0,0.0,8.0,0.0,0.0,9563.0,5.0,303.0,2.0,481.0,0.0,0.0,650.0,141.0,0.0,0.0,232.0
10451,12429.0,32495.0,6105.0,0.0,87.0,0.0,2.0,15.0,2.0,221.0,5830.0,14.0,906.0,6.0,4096.0,1499.0,6374.0,1923.0,18.0,0.0,1.0,5.0,2171.0,446.0,0.0,268.0,4.0,25.0,2649.0,643.0,5991.0,0.0,0.0,517.0,1.0,1.0,0.0,30.0,0.0,0.0,0.0,0.0,2.0,1058.0,68.0,1.0,36.0,0.0,2561.0,0.0,1742.0,11.0,168.0,294.0,23.0,87.0,3.0,305.0,0.0,0.0,7698.0,3.0,343.0,6.0,1796.0,0.0,34.0,349.0,95.0,0.0,1.0,600.0
10452,15430.0,39364.0,5946.0,0.0,110.0,0.0,2.0,15.0,5.0,140.0,7321.0,12.0,1548.0,8.0,4879.0,2632.0,9372.0,2658.0,9.0,0.0,2.0,4.0,2988.0,576.0,0.0,396.0,7.0,54.0,2726.0,1148.0,5858.0,0.0,0.0,653.0,0.0,1.0,0.0,25.0,0.0,0.0,0.0,0.0,3.0,816.0,74.0,0.0,67.0,0.0,3126.0,0.0,1597.0,30.0,279.0,246.0,90.0,114.0,2.0,205.0,0.0,0.0,6979.0,4.0,345.0,3.0,2283.0,0.0,23.0,524.0,127.0,0.0,0.0,654.0
10453,13391.0,35269.0,7208.0,0.0,89.0,0.0,1.0,30.0,2.0,186.0,7708.0,9.0,1359.0,8.0,5234.0,1126.0,8592.0,2459.0,12.0,0.0,2.0,6.0,2318.0,472.0,0.0,205.0,1.0,21.0,1940.0,882.0,7116.0,0.0,0.0,643.0,0.0,1.0,0.0,34.0,0.0,0.0,0.0,0.0,0.0,843.0,85.0,0.0,50.0,0.0,3423.0,0.0,1387.0,18.0,199.0,201.0,10.0,55.0,1.0,95.0,0.0,0.0,5519.0,29.0,194.0,13.0,2310.0,0.0,6.0,514.0,76.0,0.0,0.0,384.0
10454,10304.0,27928.0,5802.0,0.0,63.0,0.0,0.0,2.0,1.0,236.0,5410.0,14.0,878.0,4.0,3687.0,2250.0,6937.0,1726.0,8.0,1.0,1.0,0.0,1752.0,227.0,0.0,287.0,1.0,35.0,1504.0,450.0,5697.0,0.0,0.0,456.0,0.0,1.0,0.0,14.0,0.0,0.0,0.0,0.0,0.0,1048.0,42.0,1.0,49.0,0.0,2620.0,0.0,1198.0,5.0,154.0,66.0,2.0,85.0,0.0,85.0,0.0,0.0,4298.0,10.0,155.0,10.0,1587.0,0.0,1.0,307.0,80.0,0.0,0.0,589.0
10455,11871.0,29352.0,6025.0,0.0,78.0,0.0,2.0,3.0,0.0,182.0,5322.0,14.0,980.0,5.0,4111.0,1347.0,6070.0,1699.0,10.0,0.0,0.0,1.0,1856.0,555.0,0.0,253.0,4.0,23.0,2081.0,626.0,5919.0,0.0,0.0,311.0,0.0,0.0,0.0,18.0,0.0,0.0,0.0,0.0,0.0,866.0,50.0,1.0,44.0,0.0,2578.0,0.0,1095.0,5.0,93.0,106.0,2.0,80.0,0.0,236.0,0.0,0.0,7349.0,6.0,259.0,2.0,2013.0,0.0,43.0,361.0,50.0,0.0,0.0,539.0
10456,18832.0,49664.0,9378.0,0.0,122.0,0.0,3.0,22.0,4.0,443.0,10263.0,23.0,1908.0,10.0,6992.0,3003.0,13081.0,3544.0,15.0,0.0,3.0,3.0,3798.0,429.0,0.0,438.0,2.0,57.0,2634.0,1062.0,9312.0,0.0,0.0,462.0,1.0,1.0,0.0,44.0,0.0,0.0,0.0,0.0,1.0,1226.0,104.0,1.0,66.0,0.0,4079.0,0.0,2065.0,21.0,301.0,125.0,61.0,125.0,1.0,176.0,0.0,0.0,7076.0,9.0,338.0,4.0,3106.0,0.0,8.0,602.0,134.0,0.0,2.0,564.0
10457,18558.0,45585.0,8517.0,0.0,127.0,0.0,1.0,47.0,0.0,268.0,9755.0,12.0,1940.0,7.0,6443.0,2013.0,10711.0,3068.0,7.0,0.0,2.0,2.0,3348.0,514.0,0.0,359.0,2.0,69.0,2816.0,1216.0,8449.0,2.0,0.0,851.0,0.0,1.0,0.0,39.0,0.0,0.0,0.0,0.0,1.0,1138.0,88.0,0.0,52.0,0.0,4297.0,0.0,1895.0,25.0,306.0,270.0,41.0,140.0,2.0,213.0,2.0,0.0,7335.0,8.0,363.0,82.0,2989.0,0.0,40.0,513.0,161.0,0.0,1.0,629.0
10458,17930.0,37603.0,6710.0,0.0,140.0,0.0,1.0,37.0,1.0,127.0,7666.0,29.0,2319.0,9.0,5651.0,984.0,7426.0,2283.0,15.0,0.0,4.0,1.0,2826.0,573.0,0.0,266.0,89.0,159.0,3487.0,813.0,6608.0,1.0,1.0,538.0,1.0,4.0,0.0,28.0,0.0,0.0,0.0,0.0,2.0,984.0,75.0,0.0,78.0,0.0,3437.0,0.0,1559.0,12.0,186.0,314.0,7.0,120.0,1.0,184.0,0.0,0.0,8080.0,3.0,342.0,1.0,3142.0,0.0,141.0,490.0,114.0,0.0,0.0,884.0
10459,13492.0,28495.0,6714.0,0.0,100.0,0.0,2.0,8.0,0.0,124.0,6168.0,7.0,1345.0,6.0,4501.0,922.0,4679.0,1521.0,3.0,0.0,0.0,3.0,2282.0,500.0,0.0,301.0,2.0,10.0,2420.0,731.0,6538.0,0.0,1.0,491.0,0.0,1.0,0.0,30.0,0.0,0.0,0.0,0.0,0.0,962.0,57.0,1.0,40.0,0.0,2739.0,0.0,1484.0,10.0,123.0,90.0,8.0,70.0,1.0,116.0,0.0,0.0,6486.0,3.0,277.0,2.0,2601.0,0.0,13.0,381.0,91.0,0.0,1.0,449.0
10460,13573.0,31046.0,5467.0,0.0,86.0,0.0,1.0,4.0,0.0,252.0,6450.0,11.0,1665.0,8.0,4952.0,1234.0,7033.0,1909.0,9.0,1.0,1.0,1.0,2248.0,281.0,0.0,222.0,0.0,28.0,2218.0,938.0,5318.0,0.0,0.0,438.0,0.0,1.0,0.0,24.0,0.0,0.0,4.0,0.0,1.0,885.0,57.0,0.0,52.0,0.0,2738.0,0.0,1351.0,10.0,198.0,148.0,4.0,76.0,1.0,97.0,0.0,0.0,5570.0,5.0,233.0,74.0,2260.0,0.0,3.0,346.0,110.0,0.0,1.0,529.0
10461,8432.0,16741.0,4441.0,0.0,46.0,0.0,0.0,0.0,2.0,82.0,2422.0,3.0,1553.0,1.0,3903.0,102.0,899.0,498.0,4.0,0.0,0.0,2.0,866.0,287.0,0.0,109.0,1.0,0.0,2216.0,1128.0,4399.0,0.0,0.0,435.0,1.0,0.0,0.0,12.0,0.0,0.0,0.0,0.0,0.0,356.0,14.0,0.0,37.0,0.0,2034.0,1.0,575.0,3.0,55.0,59.0,4.0,31.0,0.0,8.0,0.0,0.0,5339.0,5.0,131.0,0.0,980.0,0.0,0.0,336.0,89.0,0.0,0.0,586.0
10462,12126.0,25469.0,5597.0,0.0,121.0,0.0,2.0,3.0,1.0,108.0,4375.0,8.0,1878.0,5.0,4710.0,430.0,3419.0,794.0,7.0,0.0,1.0,0.0,1524.0,215.0,0.0,217.0,1.0,9.0,3109.0,1260.0,5539.0,0.0,0.0,471.0,1.0,0.0,0.0,23.0,0.0,0.0,0.0,0.0,0.0,517.0,34.0,0.0,27.0,0.0,2925.0,0.0,874.0,6.0,94.0,132.0,9.0,76.0,2.0,66.0,0.0,0.0,6565.0,4.0,209.0,2.0,1970.0,0.0,1.0,572.0,110.0,0.0,0.0,766.0
10463,9612.0,21472.0,4620.0,0.0,41.0,0.0,1.0,0.0,0.0,98.0,3099.0,7.0,1212.0,2.0,4271.0,246.0,1738.0,553.0,12.0,0.0,3.0,0.0,994.0,243.0,0.0,267.0,1.0,3.0,2982.0,860.0,4583.0,0.0,1.0,302.0,1.0,0.0,0.0,14.0,0.0,0.0,0.0,0.0,0.0,343.0,19.0,0.0,19.0,0.0,2324.0,0.0,647.0,6.0,80.0,106.0,3.0,72.0,0.0,12.0,0.0,0.0,8345.0,3.0,244.0,0.0,1112.0,0.0,0.0,471.0,88.0,0.0,1.0,275.0
10464,603.0,1379.0,344.0,0.0,2.0,0.0,0.0,3.0,0.0,5.0,185.0,0.0,112.0,0.0,421.0,7.0,48.0,46.0,0.0,0.0,0.0,1.0,67.0,12.0,0.0,9.0,0.0,0.0,191.0,77.0,342.0,0.0,2.0,98.0,0.0,0.0,0.0,0.0,0.0,0.0,0.0,0.0,0.0,28.0,0.0,0.0,4.0,0.0,136.0,0.0,54.0,1.0,9.0,2.0,1.0,6.0,0.0,0.0,0.0,0.0,340.0,0.0,7.0,0.0,29.0,0.0,0.0,30.0,7.0,0.0,0.0,44.0
10465,4981.0,12121.0,3311.0,0.0,35.0,0.0,0.0,2.0,1.0,65.0,1784.0,3.0,812.0,1.0,2772.0,134.0,1019.0,347.0,3.0,0.0,0.0,0.0,510.0,86.0,0.0,87.0,1.0,10.0,1236.0,755.0,3256.0,0.0,0.0,505.0,2.0,1.0,0.0,15.0,0.0,1.0,0.0,0.0,0.0,288.0,13.0,0.0,40.0,0.0,1623.0,0.0,471.0,5.0,64.0,24.0,0.0,33.0,0.0,54.0,0.0,0.0,3132.0,3.0,84.0,0.0,423.0,0.0,0.0,301.0,51.0,0.0,0.0,361.0
10466,10775.0,21463.0,4950.0,0.0,140.0,0.0,1.0,36.0,0.0,108.0,4648.0,6.0,1513.0,7.0,3766.0,279.0,4349.0,1423.0,9.0,0.0,1.0,6.0,2078.0,227.0,0.0,226.0,0.0,6.0,1513.0,1124.0,4880.0,1.0,1.0,380.0,0.0,0.0,0.0,15.0,0.0,1.0,1.0,0.0,0.0,631.0,79.0,0.0,23.0,0.0,2209.0,0.0,918.0,3.0,78.0,123.0,1.0,42.0,0.0,52.0,0.0,0.0,3527.0,2.0,210.0,0.0,1756.0,0.0,2.0,297.0,99.0,0.0,1.0,390.0
10467,18641.0,37233.0,8505.0,0.0,198.0,0.0,2.0,23.0,0.0,210.0,7844.0,5.0,2899.0,5.0,6939.0,560.0,6199.0,1938.0,14.0,0.0,2.0,1.0,3050.0,491.0,1.0,313.0,2.0,13.0,3248.0,1615.0,8388.0,1.0,1.0,389.0,0.0,2.0,0.0,35.0,0.0,0.0,0.0,0.0,0.0,1079.0,72.0,1.0,65.0,1.0,4135.0,0.0,1532.0,8.0,143.0,190.0,8.0,95.0,4.0,110.0,0.0,0.0,6973.0,7.0,290.0,7.0,3185.0,0.0,26.0,633.0,155.0,0.0,0.0,1272.0
10468,17251.0,35100.0,6152.0,0.0,149.0,0.0,0.0,27.0,0.0,112.0,6382.0,25.0,2035.0,7.0,4847.0,1082.0,8828.0,2330.0,21.0,1.0,0.0,5.0,2613.0,986.0,0.0,303.0,16.0,34.0,3290.0,944.0,6027.0,0.0,1.0,700.0,0.0,1.0,0.0,43.0,0.0,0.0,0.0,0.0,0.0,947.0,57.0,0.0,77.0,0.0,3096.0,0.0,1241.0,8.0,166.0,235.0,5.0,122.0,0.0,315.0,1.0,0.0,6245.0,4.0,341.0,42.0,2803.0,0.0,84.0,495.0,105.0,0.0,2.0,1303.0
10469,9032.0,18015.0,4330.0,0.0,86.0,0.0,0.0,27.0,0.0,111.0,3386.0,5.0,1565.0,1.0,3458.0,297.0,2305.0,720.0,2.0,0.0,0.0,0.0,1346.0,172.0,0.0,185.0,0.0,3.0,1659.0,1098.0,4274.0,0.0,1.0,277.0,0.0,0.0,0.0,16.0,0.0,0.0,0.0,0.0,0.0,458.0,49.0,0.0,35.0,0.0,2094.0,0.0,575.0,6.0,48.0,78.0,1.0,38.0,0.0,23.0,0.0,0.0,3928.0,3.0,118.0,3.0,1464.0,0.0,4.0,317.0,90.0,0.0,3.0,1048.0
10470,2914.0,5089.0,895.0,0.0,11.0,0.0,1.0,16.0,0.0,39.0,834.0,2.0,432.0,2.0,995.0,74.0,1339.0,417.0,0.0,0.0,0.0,2.0,438.0,63.0,0.0,33.0,0.0,0.0,486.0,412.0,851.0,0.0,1.0,142.0,0.0,1.0,0.0,6.0,0.0,0.0,0.0,0.0,0.0,150.0,14.0,0.0,4.0,0.0,363.0,0.0,164.0,1.0,13.0,22.0,0.0,13.0,1.0,9.0,0.0,0.0,922.0,3.0,58.0,6.0,385.0,0.0,2.0,68.0,21.0,0.0,0.0,82.0
10471,2659.0,4868.0,894.0,0.0,8.0,0.0,0.0,0.0,0.0,13.0,482.0,3.0,339.0,0.0,1190.0,42.0,512.0,152.0,0.0,0.0,1.0,0.0,155.0,37.0,0.0,88.0,0.0,0.0,1000.0,360.0,881.0,0.0,0.0,166.0,0.0,0.0,0.0,1.0,0.0,0.0,0.0,0.0,0.0,69.0,9.0,0.0,2.0,0.0,502.0,0.0,107.0,1.0,24.0,20.0,2.0,16.0,0.0,6.0,0.0,0.0,1705.0,0.0,34.0,0.0,210.0,0.0,0.0,166.0,19.0,0.0,0.0,99.0
10472,13755.0,36252.0,6798.0,0.0,151.0,1.0,2.0,5.0,1.0,160.0,7638.0,5.0,1822.0,7.0,4890.0,1249.0,9471.0,2172.0,15.0,0.0,3.0,3.0,2504.0,292.0,0.0,219.0,1.0,28.0,2405.0,1036.0,6635.0,1.0,0.0,626.0,0.0,1.0,0.0,29.0,0.0,0.0,3.0,0.0,2.0,882.0,57.0,0.0,54.0,0.0,3086.0,0.0,1362.0,20.0,268.0,264.0,10.0,169.0,1.0,246.0,0.0,1.0,5122.0,1.0,233.0,14.0,2528.0,0.0,3.0,505.0,100.0,0.0,1.0,501.0
10473,10351.0,29310.0,6041.0,0.0,89.0,0.0,4.0,3.0,0.0,186.0,5594.0,3.0,956.0,1.0,4337.0,433.0,6790.0,1354.0,15.0,0.0,1.0,0.0,1728.0,103.0,0.0,192.0,0.0,23.0,2207.0,1093.0,5927.0,0.0,0.0,220.0,0.0,1.0,0.0,39.0,0.0,0.0,6.0,1.0,0.0,769.0,40.0,0.0,25.0,0.0,3085.0,0.0,1228.0,12.0,242.0,84.0,3.0,81.0,1.0,113.0,0.0,0.0,5998.0,5.0,169.0,11.0,1534.0,0.0,0.0,613.0,107.0,0.0,2.0,274.0
10474,6726.0,11083.0,2213.0,0.0,35.0,0.0,1.0,11.0,0.0,111.0,1967.0,10.0,845.0,3.0,1641.0,561.0,1883.0,369.0,1.0,0.0,0.0,2.0,1576.0,131.0,0.0,77.0,0.0,4.0,835.0,330.0,2195.0,0.0,1.0,207.0,0.0,0.0,0.0,9.0,0.0,0.0,0.0,2.0,0.0,1229.0,10.0,0.0,16.0,1.0,897.0,0.0,2099.0,2.0,45.0,23.0,1.0,24.0,0.0,25.0,0.0,0.0,1917.0,2.0,115.0,29.0,507.0,0.0,0.0,116.0,45.0,0.0,0.0,112.0
10475,5084.0,12080.0,2588.0,0.0,21.0,0.0,0.0,4.0,0.0,116.0,1551.0,1.0,288.0,1.0,1872.0,93.0,672.0,298.0,4.0,1.0,0.0,0.0,566.0,78.0,0.0,76.0,0.0,0.0,1647.0,768.0,2554.0,0.0,0.0,142.0,0.0,0.0,0.0,12.0,0.0,0.0,0.0,0.0,0.0,234.0,18.0,0.0,12.0,0.0,1132.0,0.0,388.0,0.0,36.0,25.0,0.0,22.0,0.0,3.0,0.0,0.0,5743.0,2.0,140.0,8.0,714.0,0.0,0.0,317.0,43.0,0.0,0.0,150.0
11001,291.0,362.0,91.0,0.0,1.0,0.0,0.0,0.0,0.0,0.0,42.0,0.0,77.0,0.0,126.0,1.0,5.0,2.0,0.0,0.0,0.0,0.0,18.0,3.0,0.0,3.0,0.0,0.0,80.0,37.0,90.0,0.0,0.0,3.0,0.0,0.0,0.0,0.0,0.0,0.0,0.0,0.0,0.0,22.0,0.0,0.0,0.0,0.0,66.0,0.0,10.0,0.0,0.0,0.0,0.0,0.0,0.0,0.0,0.0,0.0,128.0,0.0,2.0,0.0,12.0,0.0,0.0,9.0,5.0,0.0,0.0,2.0
11004,961.0,1322.0,317.0,0.0,2.0,0.0,0.0,0.0,0.0,4.0,165.0,1.0,197.0,0.0,386.0,4.0,10.0,14.0,0.0,0.0,1.0,0.0,47.0,9.0,0.0,11.0,0.0,0.0,298.0,115.0,314.0,0.0,0.0,25.0,0.0,0.0,0.0,1.0,0.0,0.0,0.0,0.0,0.0,50.0,0.0,0.0,1.0,0.0,203.0,0.0,18.0,0.0,3.0,1.0,0.0,1.0,0.0,0.0,0.0,0.0,542.0,0.0,8.0,0.0,97.0,0.0,0.0,39.0,4.0,0.0,0.0,29.0
11005,138.0,151.0,62.0,0.0,1.0,0.0,0.0,0.0,0.0,0.0,42.0,0.0,7.0,0.0,35.0,2.0,1.0,1.0,0.0,0.0,0.0,0.0,18.0,0.0,0.0,5.0,0.0,0.0,68.0,19.0,62.0,0.0,0.0,1.0,0.0,0.0,0.0,0.0,0.0,0.0,0.0,0.0,0.0,3.0,0.0,0.0,0.0,0.0,41.0,0.0,0.0,0.0,0.0,0.0,0.0,0.0,0.0,0.0,0.0,0.0,29.0,0.0,0.0,0.0,5.0,0.0,0.0,7.0,2.0,0.0,0.0,2.0
11040,361.0,462.0,168.0,0.0,1.0,0.0,0.0,0.0,0.0,2.0,79.0,0.0,59.0,0.0,121.0,5.0,9.0,3.0,0.0,0.0,0.0,0.0,30.0,5.0,0.0,1.0,0.0,0.0,101.0,68.0,163.0,0.0,0.0,2.0,0.0,0.0,0.0,1.0,0.0,0.0,0.0,0.0,0.0,27.0,1.0,0.0,0.0,0.0,100.0,0.0,5.0,0.0,3.0,1.0,0.0,1.0,0.0,1.0,0.0,0.0,172.0,0.0,1.0,0.0,10.0,0.0,0.0,9.0,0.0,0.0,0.0,10.0
11096,30.0,26.0,4.0,0.0,0.0,0.0,0.0,0.0,0.0,1.0,4.0,0.0,3.0,0.0,6.0,0.0,6.0,2.0,0.0,0.0,0.0,0.0,3.0,0.0,0.0,0.0,0.0,0.0,2.0,2.0,4.0,0.0,0.0,2.0,0.0,0.0,0.0,0.0,0.0,0.0,0.0,0.0,0.0,2.0,0.0,0.0,0.0,0.0,0.0,0.0,1.0,0.0,0.0,0.0,0.0,0.0,0.0,0.0,0.0,0.0,10.0,0.0,2.0,0.0,10.0,0.0,0.0,0.0,0.0,0.0,0.0,0.0
11101,9593.0,17571.0,4058.0,0.0,29.0,0.0,1.0,6.0,2.0,56.0,3059.0,8.0,1075.0,3.0,3680.0,181.0,980.0,614.0,1.0,1.0,1.0,1.0,940.0,259.0,0.0,143.0,2.0,7.0,3084.0,1011.0,4004.0,1.0,0.0,675.0,0.0,0.0,0.0,11.0,0.0,0.0,0.0,0.0,0.0,774.0,19.0,0.0,21.0,0.0,1627.0,0.0,465.0,1.0,82.0,35.0,24.0,96.0,3.0,28.0,0.0,0.0,6288.0,12.0,132.0,10.0,977.0,0.0,0.0,243.0,130.0,0.0,2.0,418.0
11102,4532.0,7935.0,2290.0,0.0,20.0,0.0,0.0,0.0,0.0,29.0,1810.0,7.0,915.0,2.0,1700.0,112.0,386.0,311.0,0.0,0.0,0.0,0.0,523.0,76.0,0.0,73.0,3.0,12.0,939.0,354.0,2270.0,0.0,0.0,320.0,0.0,0.0,0.0,3.0,0.0,0.0,0.0,0.0,1.0,427.0,15.0,0.0,13.0,0.0,949.0,0.0,290.0,0.0,30.0,16.0,48.0,42.0,1.0,5.0,0.0,0.0,2070.0,9.0,60.0,2.0,537.0,0.0,0.0,199.0,41.0,0.0,0.0,137.0
11103,5367.0,9889.0,1940.0,0.0,31.0,0.0,0.0,8.0,1.0,18.0,1751.0,11.0,995.0,2.0,1681.0,98.0,473.0,243.0,0.0,1.0,1.0,0.0,504.0,165.0,1.0,109.0,0.0,0.0,1602.0,468.0,1901.0,0.0,2.0,341.0,0.0,0.0,0.0,7.0,0.0,0.0,0.0,0.0,0.0,344.0,6.0,0.0,6.0,0.0,850.0,0.0,244.0,1.0,40.0,29.0,114.0,64.0,1.0,9.0,0.0,0.0,3946.0,7.0,150.0,0.0,538.0,0.0,0.0,221.0,43.0,0.0,0.0,169.0
11104,2774.0,4684.0,1420.0,0.0,18.0,0.0,0.0,0.0,0.0,19.0,908.0,7.0,579.0,1.0,1108.0,105.0,157.0,82.0,0.0,0.0,1.0,0.0,236.0,76.0,0.0,45.0,1.0,5.0,741.0,287.0,1411.0,0.0,0.0,155.0,0.0,0.0,0.0,7.0,0.0,0.0,0.0,0.0,0.0,156.0,5.0,0.0,0.0,0.0,560.0,0.0,124.0,1.0,14.0,16.0,4.0,42.0,1.0,1.0,0.0,0.0,1360.0,3.0,44.0,1.0,305.0,0.0,0.0,196.0,13.0,0.0,0.0,83.0
11105,3947.0,7194.0,1663.0,0.0,30.0,0.0,0.0,0.0,0.0,23.0,1066.0,8.0,749.0,1.0,1837.0,69.0,365.0,178.0,0.0,0.0,0.0,0.0,302.0,90.0,0.0,54.0,0.0,0.0,1124.0,451.0,1645.0,0.0,1.0,120.0,0.0,1.0,0.0,4.0,0.0,0.0,0.0,0.0,0.0,245.0,7.0,0.0,3.0,0.0,863.0,0.0,196.0,1.0,22.0,9.0,51.0,37.0,1.0,3.0,0.0,0.0,2479.0,8.0,70.0,0.0,335.0,0.0,0.0,202.0,45.0,0.0,0.0,109.0
11106,5528.0,10096.0,2565.0,0.0,24.0,0.0,1.0,3.0,0.0,23.0,2100.0,6.0,846.0,2.0,2140.0,114.0,590.0,461.0,0.0,0.0,1.0,0.0,580.0,119.0,1.0,96.0,0.0,2.0,1398.0,394.0,2526.0,0.0,0.0,189.0,0.0,0.0,0.0,5.0,0.0,0.0,0.0,0.0,2.0,486.0,8.0,0.0,2.0,0.0,1169.0,0.0,281.0,2.0,40.0,28.0,84.0,54.0,3.0,4.0,0.0,0.0,3094.0,7.0,82.0,0.0,787.0,0.0,0.0,219.0,69.0,0.0,0.0,147.0
11109,94.0,155.0,48.0,0.0,1.0,0.0,0.0,0.0,0.0,1.0,25.0,0.0,5.0,0.0,34.0,1.0,1.0,2.0,0.0,0.0,0.0,0.0,5.0,2.0,0.0,5.0,0.0,0.0,40.0,11.0,47.0,0.0,0.0,0.0,0.0,0.0,0.0,0.0,0.0,0.0,0.0,0.0,0.0,7.0,0.0,0.0,0.0,0.0,31.0,0.0,3.0,0.0,0.0,0.0,0.0,1.0,0.0,0.0,0.0,0.0,52.0,0.0,0.0,0.0,4.0,0.0,0.0,17.0,2.0,0.0,0.0,0.0
11201,16332.0,32470.0,7125.0,0.0,37.0,0.0,0.0,5.0,0.0,142.0,4697.0,54.0,1301.0,5.0,4318.0,207.0,2144.0,741.0,6.0,1.0,3.0,2.0,1641.0,573.0,0.0,299.0,25.0,10.0,6654.0,570.0,6987.0,0.0,1.0,758.0,0.0,1.0,0.0,35.0,0.0,0.0,0.0,0.0,0.0,1573.0,29.0,0.0,28.0,0.0,2636.0,0.0,1253.0,6.0,141.0,203.0,5.0,142.0,0.0,210.0,0.0,0.0,14775.0,5.0,463.0,2.0,1960.0,0.0,15.0,664.0,107.0,0.0,1.0,492.0
11203,17425.0,25500.0,6062.0,0.0,204.0,0.0,1.0,9.0,1.0,121.0,6303.0,5.0,2048.0,2.0,4679.0,246.0,3178.0,1351.0,8.0,1.0,1.0,5.0,2651.0,611.0,0.0,266.0,1.0,16.0,3619.0,1579.0,5948.0,0.0,0.0,1008.0,0.0,1.0,0.0,19.0,0.0,0.0,0.0,0.0,3.0,1529.0,87.0,0.0,77.0,0.0,2683.0,0.0,604.0,8.0,118.0,78.0,5.0,58.0,1.0,8.0,0.0,1.0,5832.0,4.0,208.0,1.0,2397.0,0.0,0.0,600.0,146.0,0.0,0.0,657.0
11204,6418.0,10679.0,2842.0,0.0,44.0,0.0,1.0,1.0,0.0,57.0,1874.0,17.0,1313.0,1.0,2460.0,97.0,475.0,288.0,2.0,1.0,1.0,0.0,505.0,108.0,0.0,147.0,2.0,1.0,1790.0,550.0,2818.0,1.0,3.0,244.0,0.0,2.0,0.0,7.0,0.0,0.0,0.0,0.0,0.0,524.0,5.0,0.0,12.0,0.0,1337.0,0.0,181.0,3.0,33.0,17.0,2.0,30.0,0.0,4.0,0.0,0.0,3418.0,1.0,145.0,0.0,708.0,0.0,0.0,357.0,93.0,0.0,0.0,259.0
11205,9390.0,15531.0,3351.0,0.0,43.0,0.0,0.0,0.0,0.0,130.0,2637.0,34.0,1424.0,1.0,3531.0,131.0,1687.0,373.0,5.0,0.0,1.0,0.0,1129.0,136.0,0.0,188.0,0.0,9.0,2231.0,688.0,3284.0,0.0,0.0,282.0,2.0,0.0,0.0,12.0,0.0,0.0,0.0,0.0,3.0,818.0,39.0,0.0,19.0,0.0,1254.0,0.0,421.0,5.0,63.0,14.0,5.0,59.0,2.0,12.0,0.0,0.0,5254.0,26.0,126.0,2.0,1619.0,0.0,0.0,260.0,58.0,0.0,0.0,255.0
11206,22864.0,38022.0,7619.0,0.0,88.0,0.0,0.0,5.0,3.0,380.0,7905.0,34.0,3151.0,6.0,7309.0,358.0,5988.0,1649.0,7.0,0.0,2.0,2.0,3016.0,412.0,0.0,380.0,19.0,33.0,4382.0,1271.0,7472.0,0.0,1.0,629.0,0.0,0.0,0.0,39.0,0.0,0.0,0.0,0.0,10.0,2542.0,92.0,0.0,33.0,0.0,3465.0,0.0,1222.0,6.0,119.0,102.0,19.0,128.0,0.0,30.0,0.0,0.0,10377.0,21.0,407.0,0.0,4125.0,0.0,6.0,554.0,102.0,0.0,0.0,604.0
11207,29470.0,51221.0,10025.0,0.0,329.0,0.0,3.0,7.0,3.0,360.0,12718.0,21.0,3068.0,7.0,8490.0,654.0,11869.0,3259.0,22.0,0.0,6.0,5.0,4824.0,999.0,0.0,709.0,5.0,25.0,4554.0,1700.0,9734.0,1.0,1.0,791.0,2.0,8.0,0.0,81.0,0.0,1.0,1.0,0.0,6.0,3733.0,148.0,2.0,165.0,0.0,4720.0,0.0,1892.0,9.0,249.0,109.0,4.0,134.0,1.0,40.0,0.0,0.0,7821.0,12.0,604.0,29.0,4791.0,0.0,9.0,745.0,190.0,0.0,1.0,1045.0
11208,23601.0,41244.0,8099.0,0.0,305.0,0.0,0.0,13.0,0.0,301.0,9928.0,21.0,2520.0,5.0,7277.0,491.0,9065.0,2229.0,20.0,0.0,1.0,2.0,3780.0,783.0,0.0,613.0,7.0,17.0,3696.0,1678.0,7883.0,1.0,2.0,943.0,0.0,0.0,0.0,57.0,0.0,0.0,1.0,0.0,2.0,2986.0,113.0,3.0,153.0,0.0,4080.0,0.0,1376.0,10.0,209.0,81.0,3.0,79.0,3.0,27.0,0.0,0.0,6758.0,14.0,414.0,11.0,3563.0,0.0,1.0,630.0,154.0,0.0,0.0,635.0
11209,8272.0,17955.0,4710.0,0.0,66.0,0.0,1.0,0.0,0.0,65.0,2535.0,19.0,1342.0,1.0,3791.0,121.0,795.0,282.0,1.0,0.0,2.0,0.0,706.0,154.0,0.0,146.0,7.0,1.0,2519.0,837.0,4672.0,0.0,0.0,985.0,0.0,2.0,0.0,9.0,0.0,0.0,0.0,0.0,1.0,691.0,8.0,0.0,6.0,0.0,2444.0,0.0,259.0,7.0,52.0,45.0,4.0,84.0,0.0,7.0,0.0,0.0,6659.0,1.0,99.0,0.0,681.0,0.0,0.0,418.0,78.0,0.0,0.0,334.0
11210,11346.0,16759.0,3718.0,0.0,84.0,0.0,1.0,0.0,0.0,65.0,3117.0,8.0,1635.0,3.0,3167.0,240.0,1003.0,614.0,2.0,1.0,1.0,0.0,1141.0,300.0,0.0,178.0,1.0,9.0,3371.0,881.0,3688.0,1.0,0.0,249.0,0.0,0.0,0.0,19.0,0.0,0.0,0.0,0.0,0.0,852.0,36.0,0.0,21.0,0.0,2099.0,0.0,304.0,2.0,57.0,30.0,9.0,47.0,0.0,3.0,0.0,0.0,5966.0,5.0,116.0,0.0,1592.0,0.0,1.0,428.0,172.0,0.0,1.0,303.0
11211,16490.0,24071.0,4198.0,0.0,43.0,0.0,0.0,0.0,1.0,138.0,3719.0,26.0,3083.0,1.0,6193.0,201.0,2197.0,545.0,4.0,1.0,0.0,0.0,1309.0,147.0,0.0,224.0,2.0,7.0,5025.0,1390.0,4142.0,0.0,0.0,821.0,0.0,0.0,0.0,17.0,0.0,1.0,0.0,0.0,0.0,1022.0,19.0,0.0,4.0,0.0,1903.0,0.0,410.0,0.0,89.0,20.0,11.0,114.0,0.0,4.0,0.0,0.0,8575.0,29.0,204.0,1.0,2012.0,0.0,5.0,512.0,65.0,0.0,1.0,522.0
11212,26077.0,47618.0,11394.0,0.0,217.0,0.0,1.0,11.0,1.0,331.0,12281.0,34.0,2199.0,13.0,7537.0,815.0,9069.0,3318.0,40.0,0.0,3.0,4.0,4911.0,932.0,0.0,554.0,10.0,110.0,3735.0,1193.0,11029.0,0.0,0.0,560.0,0.0,2.0,0.0,72.0,0.0,0.0,0.0,0.0,7.0,3720.0,173.0,4.0,97.0,0.0,4921.0,0.0,1997.0,9.0,197.0,147.0,84.0,133.0,10.0,51.0,0.0,0.0,8577.0,9.0,427.0,26.0,4094.0,0.0,20.0,565.0,179.0,0.0,0.0,660.0
11213,15707.0,28904.0,6689.0,0.0,170.0,0.0,1.0,2.0,2.0,142.0,6363.0,15.0,1724.0,7.0,5123.0,570.0,5975.0,1435.0,12.0,2.0,2.0,1.0,2406.0,659.0,0.0,240.0,2.0,41.0,2810.0,826.0,6528.0,0.0,1.0,398.0,1.0,1.0,0.0,29.0,0.0,0.0,0.0,0.0,8.0,1666.0,97.0,0.0,56.0,0.0,2858.0,0.0,1002.0,4.0,133.0,94.0,1.0,108.0,5.0,35.0,0.0,1.0,6137.0,7.0,252.0,2.0,2240.0,0.0,19.0,453.0,121.0,0.0,0.0,513.0
11214,9981.0,18908.0,4601.0,0.0,72.0,0.0,1.0,5.0,0.0,108.0,2979.0,27.0,1415.0,1.0,3914.0,155.0,972.0,452.0,6.0,0.0,1.0,0.0,893.0,164.0,0.0,229.0,0.0,4.0,3147.0,754.0,4543.0,0.0,2.0,603.0,1.0,2.0,0.0,13.0,0.0,0.0,0.0,0.0,0.0,856.0,27.0,0.0,11.0,0.0,2338.0,0.0,364.0,7.0,69.0,30.0,1.0,50.0,0.0,3.0,0.0,0.0,6702.0,4.0,451.0,0.0,1105.0,0.0,0.0,567.0,114.0,0.0,1.0,327.0
11215,9078.0,14624.0,3204.0,0.0,28.0,0.0,0.0,0.0,0.0,61.0,1903.0,12.0,1574.0,0.0,3167.0,127.0,764.0,301.0,3.0,0.0,2.0,4.0,604.0,149.0,0.0,128.0,4.0,0.0,3225.0,808.0,3149.0,0.0,0.0,418.0,0.0,2.0,0.0,8.0,0.0,0.0,0.0,0.0,0.0,441.0,10.0,0.0,12.0,0.0,1366.0,0.0,280.0,2.0,39.0,19.0,0.0,38.0,2.0,8.0,0.0,0.0,6042.0,8.0,159.0,3.0,1158.0,0.0,3.0,486.0,71.0,0.0,0.0,318.0
11216,16286.0,27575.0,6311.0,0.0,146.0,0.0,0.0,11.0,1.0,96.0,6091.0,12.0,2253.0,5.0,4691.0,411.0,4604.0,1267.0,11.0,0.0,2.0,2.0,2457.0,518.0,0.0,236.0,3.0,38.0,2944.0,817.0,6213.0,0.0,1.0,657.0,0.0,0.0,0.0,26.0,0.0,0.0,0.0,0.0,8.0,1749.0,62.0,0.0,57.0,0.0,2597.0,0.0,1195.0,2.0,126.0,113.0,8.0,155.0,1.0,25.0,0.0,0.0,6583.0,19.0,380.0,2.0,2435.0,0.0,41.0,414.0,111.0,0.0,1.0,575.0
11217,9382.0,19069.0,3279.0,0.0,15.0,0.0,0.0,0.0,1.0,69.0,2142.0,33.0,1132.0,0.0,2385.0,206.0,1234.0,540.0,7.0,2.0,0.0,5.0,824.0,291.0,0.0,141.0,11.0,2.0,3680.0,501.0,3218.0,1.0,0.0,281.0,0.0,2.0,0.0,13.0,0.0,0.0,0.0,0.0,0.0,513.0,20.0,1.0,17.0,0.0,1237.0,0.0,426.0,3.0,38.0,32.0,5.0,75.0,1.0,14.0,0.0,0.0,10287.0,9.0,350.0,1.0,1242.0,0.0,0.0,376.0,45.0,0.0,0.0,302.0
11218,7399.0,12008.0,2803.0,0.0,70.0,0.0,0.0,0.0,0.0,42.0,2298.0,11.0,1433.0,0.0,3101.0,129.0,543.0,213.0,2.0,0.0,0.0,0.0,812.0,159.0,0.0,98.0,0.0,0.0,1940.0,618.0,2777.0,0.0,0.0,281.0,0.0,0.0,0.0,13.0,0.0,0.0,0.0,0.0,0.0,534.0,13.0,0.0,12.0,0.0,1323.0,0.0,105.0,1.0,33.0,22.0,1.0,38.0,0.0,1.0,0.0,0.0,3900.0,3.0,92.0,0.0,968.0,0.0,0.0,304.0,86.0,0.0,0.0,234.0
11219,6959.0,11928.0,2955.0,0.0,75.0,0.0,0.0,2.0,0.0,90.0,2017.0,24.0,1485.0,1.0,2898.0,115.0,533.0,178.0,1.0,2.0,0.0,0.0,663.0,148.0,0.0,85.0,0.0,0.0,1889.0,612.0,2935.0,0.0,0.0,389.0,1.0,0.0,0.0,9.0,0.0,0.0,0.0,0.0,0.0,567.0,9.0,0.0,6.0,0.0,1383.0,0.0,132.0,2.0,41.0,19.0,1.0,34.0,0.0,3.0,0.0,0.0,3975.0,3.0,189.0,1.0,709.0,0.0,0.0,239.0,90.0,0.0,0.0,287.0
11220,12346.0,21751.0,4465.0,0.0,74.0,0.0,1.0,1.0,0.0,87.0,4697.0,19.0,1739.0,3.0,4685.0,355.0,2320.0,840.0,3.0,4.0,1.0,0.0,1599.0,502.0,0.0,182.0,1.0,9.0,2838.0,932.0,4423.0,0.0,1.0,966.0,0.0,0.0,0.0,15.0,0.0,0.0,0.0,0.0,3.0,980.0,36.0,0.0,29.0,0.0,2154.0,0.0,439.0,6.0,77.0,47.0,2.0,57.0,2.0,19.0,0.0,0.0,5507.0,10.0,182.0,47.0,1845.0,0.0,1.0,325.0,111.0,0.0,0.0,386.0
11221,21598.0,31960.0,9101.0,0.0,323.0,1.0,1.0,2.0,3.0,189.0,8231.0,19.0,3403.0,7.0,6425.0,495.0,4386.0,1627.0,15.0,0.0,2.0,1.0,3435.0,331.0,0.0,326.0,3.0,43.0,3412.0,1308.0,8972.0,0.0,0.0,667.0,0.0,0.0,0.0,54.0,0.0,0.0,0.0,0.0,13.0,2343.0,127.0,0.0,37.0,0.0,3656.0,0.0,978.0,9.0,132.0,53.0,22.0,104.0,2.0,36.0,0.0,0.0,6481.0,23.0,330.0,34.0,3367.0,0.0,3.0,591.0,125.0,0.0,4.0,508.0
11222,6153.0,9858.0,2028.0,0.0,46.0,0.0,0.0,1.0,0.0,56.0,1650.0,17.0,1153.0,1.0,2611.0,72.0,386.0,140.0,2.0,2.0,1.0,0.0,521.0,96.0,0.0,101.0,2.0,1.0,1638.0,742.0,2004.0,0.0,2.0,630.0,0.0,0.0,0.0,5.0,0.0,0.0,0.0,0.0,1.0,371.0,6.0,0.0,6.0,0.0,883.0,0.0,217.0,2.0,28.0,1.0,0.0,38.0,0.0,3.0,0.0,0.0,3479.0,10.0,84.0,0.0,583.0,0.0,0.0,213.0,49.0,0.0,1.0,184.0
11223,9731.0,16513.0,3994.0,0.0,57.0,0.0,1.0,0.0,1.0,104.0,2933.0,22.0,1514.0,1.0,3757.0,203.0,1460.0,497.0,6.0,0.0,1.0,1.0,925.0,175.0,0.0,319.0,2.0,7.0,2572.0,846.0,3957.0,0.0,0.0,631.0,0.0,2.0,0.0,14.0,0.0,0.0,0.0,0.0,0.0,817.0,15.0,0.0,12.0,0.0,2094.0,0.0,478.0,7.0,59.0,33.0,3.0,54.0,1.0,4.0,0.0,0.0,4498.0,4.0,156.0,1.0,1107.0,0.0,0.0,408.0,130.0,0.0,0.0,349.0
11224,10290.0,19186.0,4527.0,0.0,39.0,0.0,0.0,3.0,1.0,250.0,4000.0,17.0,794.0,1.0,3927.0,286.0,3019.0,899.0,16.0,0.0,2.0,2.0,1527.0,216.0,0.0,194.0,2.0,4.0,2457.0,448.0,4456.0,2.0,0.0,323.0,2.0,11.0,0.0,22.0,0.0,0.0,0.0,0.0,2.0,1092.0,47.0,0.0,18.0,0.0,2015.0,0.0,807.0,1.0,105.0,34.0,4.0,64.0,1.0,15.0,0.0,0.0,4610.0,2.0,150.0,6.0,1512.0,0.0,1.0,275.0,104.0,0.0,0.0,218.0
11225,11830.0,21192.0,5297.0,0.0,132.0,2.0,0.0,2.0,2.0,99.0,4751.0,4.0,1450.0,2.0,3614.0,460.0,2893.0,988.0,4.0,0.0,2.0,1.0,1827.0,376.0,0.0,246.0,2.0,10.0,2463.0,759.0,5155.0,0.0,1.0,325.0,0.0,1.0,1.0,25.0,0.0,0.0,0.0,0.0,6.0,1145.0,55.0,0.0,20.0,0.0,2624.0,0.0,713.0,3.0,101.0,85.0,1.0,67.0,2.0,11.0,0.0,0.0,4856.0,3.0,186.0,1.0,1812.0,0.0,1.0,589.0,120.0,0.0,0.0,321.0
11226,23737.0,36938.0,8460.0,0.0,237.0,0.0,2.0,7.0,3.0,217.0,9596.0,25.0,2729.0,3.0,5690.0,884.0,4740.0,2292.0,15.0,0.0,1.0,0.0,3724.0,886.0,0.0,333.0,5.0,30.0,4927.0,1180.0,8311.0,1.0,2.0,618.0,0.0,1.0,0.0,33.0,0.0,1.0,0.0,0.0,6.0,2516.0,112.0,1.0,49.0,0.0,4298.0,0.0,970.0,3.0,127.0,106.0,8.0,122.0,4.0,18.0,0.0,0.0,8692.0,5.0,307.0,0.0,3763.0,0.0,6.0,709.0,178.0,0.0,0.0,642.0
11228,3914.0,6777.0,1840.0,0.0,12.0,0.0,0.0,1.0,0.0,41.0,981.0,6.0,809.0,1.0,1704.0,57.0,360.0,152.0,1.0,0.0,2.0,0.0,277.0,45.0,0.0,81.0,0.0,1.0,1070.0,416.0,1819.0,0.0,0.0,296.0,0.0,0.0,0.0,2.0,0.0,0.0,0.0,0.0,0.0,335.0,4.0,0.0,2.0,1.0,1072.0,0.0,96.0,4.0,19.0,20.0,1.0,29.0,0.0,0.0,0.0,0.0,2021.0,2.0,57.0,0.0,326.0,0.0,0.0,231.0,53.0,0.0,0.0,124.0
11229,9868.0,16403.0,4093.0,0.0,58.0,0.0,1.0,0.0,0.0,70.0,3023.0,15.0,1683.0,1.0,3379.0,249.0,1265.0,469.0,6.0,1.0,0.0,0.0,794.0,240.0,0.0,412.0,1.0,0.0,2800.0,719.0,4050.0,0.0,2.0,275.0,0.0,0.0,0.0,8.0,0.0,2.0,0.0,0.0,0.0,773.0,35.0,0.0,8.0,0.0,1981.0,0.0,519.0,3.0,73.0,33.0,0.0,43.0,0.0,7.0,0.0,0.0,5098.0,10.0,164.0,0.0,1242.0,0.0,1.0,389.0,165.0,0.0,0.0,297.0
11230,8239.0,12589.0,2519.0,0.0,33.0,0.0,0.0,1.0,1.0,50.0,2039.0,11.0,1671.0,0.0,2844.0,107.0,836.0,236.0,0.0,0.0,0.0,0.0,621.0,182.0,0.0,140.0,0.0,1.0,2498.0,663.0,2494.0,0.0,0.0,452.0,0.0,0.0,0.0,10.0,0.0,0.0,0.0,0.0,0.0,662.0,13.0,0.0,10.0,0.0,1509.0,0.0,112.0,1.0,35.0,8.0,1.0,27.0,1.0,2.0,0.0,0.0,4318.0,1.0,112.0,1.0,859.0,0.0,0.0,312.0,123.0,0.0,0.0,350.0
11231,6149.0,12244.0,2794.0,0.0,27.0,0.0,1.0,1.0,1.0,100.0,1958.0,19.0,837.0,0.0,2680.0,214.0,1525.0,350.0,1.0,0.0,0.0,1.0,668.0,135.0,0.0,130.0,1.0,6.0,1763.0,408.0,2744.0,0.0,0.0,454.0,0.0,1.0,0.0,3.0,0.0,0.0,0.0,0.0,0.0,527.0,12.0,0.0,26.0,0.0,1243.0,0.0,329.0,5.0,39.0,27.0,3.0,36.0,1.0,14.0,0.0,0.0,3425.0,2.0,154.0,0.0,765.0,0.0,0.0,284.0,35.0,0.0,0.0,232.0
11232,5440.0,10199.0,2079.0,0.0,20.0,0.0,0.0,0.0,0.0,62.0,2084.0,7.0,711.0,0.0,2208.0,90.0,616.0,372.0,3.0,0.0,0.0,0.0,756.0,246.0,0.0,81.0,2.0,0.0,1258.0,450.0,2057.0,0.0,0.0,780.0,1.0,1.0,0.0,8.0,0.0,0.0,0.0,0.0,0.0,455.0,14.0,0.0,19.0,0.0,987.0,0.0,235.0,2.0,34.0,25.0,1.0,36.0,1.0,6.0,0.0,0.0,2808.0,2.0,121.0,4.0,723.0,0.0,0.0,148.0,54.0,0.0,0.0,230.0
11233,21799.0,38189.0,8833.0,0.0,264.0,0.0,1.0,11.0,1.0,221.0,8811.0,29.0,2711.0,14.0,6406.0,685.0,8843.0,2716.0,14.0,0.0,0.0,0.0,3650.0,584.0,0.0,367.0,2.0,77.0,3371.0,1054.0,8622.0,0.0,1.0,691.0,0.0,4.0,0.0,47.0,0.0,0.0,1.0,0.0,13.0,2517.0,155.0,0.0,72.0,0.0,3459.0,0.0,1367.0,14.0,148.0,84.0,48.0,87.0,2.0,37.0,1.0,1.0,6380.0,8.0,328.0,5.0,3530.0,0.0,18.0,505.0,137.0,0.0,1.0,706.0
11234,14495.0,24053.0,5492.0,0.0,120.0,0.0,0.0,4.0,1.0,113.0,3260.0,9.0,1915.0,2.0,5003.0,144.0,923.0,658.0,2.0,1.0,1.0,1.0,1201.0,427.0,0.0,257.0,1.0,3.0,5133.0,1248.0,5425.0,0.0,1.0,906.0,0.0,0.0,0.0,20.0,0.0,0.0,0.0,0.0,0.0,952.0,43.0,0.0,51.0,0.0,2799.0,0.0,513.0,3.0,76.0,99.0,23.0,49.0,3.0,8.0,0.0,0.0,9452.0,14.0,140.0,0.0,1808.0,0.0,0.0,627.0,266.0,0.0,0.0,335.0
11235,10602.0,18190.0,3839.0,0.0,90.0,0.0,0.0,2.0,1.0,134.0,2947.0,24.0,1602.0,1.0,4059.0,155.0,1090.0,467.0,3.0,1.0,1.0,1.0,929.0,292.0,0.0,277.0,2.0,0.0,3380.0,772.0,3799.0,1.0,3.0,948.0,0.0,1.0,0.0,14.0,0.0,0.0,0.0,0.0,0.0,563.0,21.0,2.0,8.0,0.0,1811.0,0.0,441.0,6.0,60.0,43.0,3.0,65.0,1.0,6.0,0.0,0.0,6386.0,6.0,148.0,1.0,1232.0,0.0,0.0,376.0,142.0,0.0,1.0,313.0
11236,17903.0,27876.0,8546.0,0.0,292.0,0.0,1.0,2.0,1.0,164.0,6231.0,25.0,2439.0,4.0,5723.0,293.0,2916.0,1452.0,22.0,0.0,3.0,0.0,2177.0,554.0,0.0,215.0,2.0,2.0,3838.0,1590.0,8423.0,0.0,0.0,954.0,0.0,0.0,0.0,30.0,0.0,0.0,0.0,0.0,0.0,1514.0,67.0,1.0,45.0,0.0,3559.0,0.0,695.0,3.0,118.0,56.0,2.0,87.0,2.0,14.0,0.0,0.0,6421.0,3.0,260.0,1.0,2632.0,0.0,2.0,674.0,239.0,0.0,0.0,577.0
11237,11348.0,14707.0,3140.0,0.0,78.0,1.0,0.0,6.0,2.0,86.0,4147.0,25.0,2505.0,2.0,3249.0,175.0,1078.0,605.0,3.0,0.0,0.0,1.0,1428.0,262.0,0.0,132.0,6.0,4.0,1829.0,685.0,3098.0,1.0,1.0,422.0,1.0,1.0,0.0,9.0,0.0,0.0,0.0,0.0,5.0,1039.0,33.0,0.0,27.0,0.0,1390.0,0.0,432.0,0.0,67.0,56.0,2.0,40.0,2.0,18.0,0.0,2.0,3670.0,15.0,247.0,1.0,1699.0,0.0,4.0,260.0,49.0,0.0,0.0,295.0
11238,9641.0,15566.0,3352.0,0.0,55.0,0.0,0.0,6.0,0.0,58.0,2544.0,35.0,1529.0,1.0,3091.0,241.0,2267.0,499.0,3.0,0.0,1.0,3.0,982.0,169.0,0.0,144.0,3.0,6.0,2455.0,706.0,3285.0,1.0,0.0,310.0,1.0,0.0,0.0,14.0,0.0,0.0,0.0,0.0,2.0,659.0,47.0,1.0,32.0,0.0,1163.0,0.0,440.0,0.0,39.0,19.0,0.0,62.0,2.0,10.0,0.0,0.0,5204.0,13.0,120.0,5.0,1618.0,0.0,0.0,361.0,64.0,0.0,0.0,289.0
11239,2676.0,6408.0,605.0,0.0,7.0,0.0,0.0,0.0,0.0,34.0,597.0,6.0,119.0,2.0,684.0,39.0,376.0,82.0,1.0,0.0,1.0,1.0,204.0,84.0,0.0,39.0,0.0,0.0,1182.0,282.0,600.0,0.0,0.0,194.0,0.0,0.0,0.0,6.0,0.0,0.0,0.0,0.0,0.0,172.0,6.0,0.0,5.0,0.0,465.0,0.0,72.0,1.0,26.0,7.0,0.0,30.0,0.0,0.0,0.0,0.0,3740.0,1.0,110.0,0.0,279.0,0.0,0.0,116.0,22.0,0.0,0.0,97.0
11251,274.0,417.0,70.0,0.0,0.0,0.0,0.0,0.0,0.0,1.0,31.0,1.0,27.0,0.0,150.0,1.0,33.0,7.0,0.0,0.0,0.0,0.0,26.0,6.0,0.0,1.0,0.0,0.0,94.0,29.0,66.0,0.0,0.0,19.0,0.0,0.0,0.0,0.0,0.0,0.0,0.0,0.0,0.0,15.0,0.0,0.0,1.0,0.0,18.0,0.0,7.0,1.0,2.0,1.0,0.0,0.0,0.0,2.0,0.0,0.0,155.0,0.0,6.0,0.0,24.0,0.0,0.0,10.0,3.0,0.0,0.0,24.0
11354,9211.0,16737.0,3181.0,0.0,35.0,0.0,0.0,17.0,1.0,53.0,2962.0,33.0,1132.0,3.0,2951.0,236.0,303.0,365.0,1.0,0.0,1.0,0.0,955.0,340.0,0.0,165.0,0.0,3.0,3241.0,653.0,3164.0,0.0,0.0,704.0,0.0,5.0,0.0,16.0,0.0,0.0,0.0,0.0,0.0,533.0,23.0,0.0,6.0,0.0,1276.0,0.0,238.0,0.0,38.0,20.0,2.0,88.0,1.0,3.0,0.0,0.0,7824.0,4.0,178.0,0.0,909.0,0.0,2.0,280.0,110.0,0.0,0.0,255.0
11355,7461.0,10119.0,2600.0,0.0,64.0,0.0,0.0,3.0,0.0,46.0,2205.0,23.0,1373.0,4.0,2175.0,196.0,196.0,177.0,0.0,1.0,1.0,2.0,730.0,103.0,0.0,96.0,1.0,1.0,2037.0,903.0,2584.0,0.0,0.0,416.0,0.0,1.0,0.0,9.0,0.0,0.0,0.0,0.0,0.0,437.0,14.0,0.0,0.0,0.0,1092.0,0.0,136.0,0.0,34.0,6.0,1.0,44.0,1.0,8.0,0.0,0.0,3678.0,10.0,64.0,0.0,878.0,0.0,0.0,191.0,62.0,0.0,0.0,177.0
11356,2913.0,4748.0,1285.0,0.0,35.0,0.0,0.0,0.0,0.0,19.0,808.0,6.0,546.0,0.0,1019.0,56.0,70.0,93.0,0.0,0.0,0.0,1.0,215.0,55.0,0.0,34.0,0.0,0.0,919.0,373.0,1270.0,0.0,0.0,58.0,0.0,0.0,0.0,1.0,0.0,0.0,0.0,0.0,0.0,213.0,3.0,0.0,1.0,0.0,623.0,0.0,67.0,0.0,11.0,2.0,1.0,20.0,0.0,1.0,0.0,0.0,2075.0,1.0,27.0,0.0,135.0,0.0,0.0,80.0,44.0,0.0,0.0,64.0
11357,3174.0,4222.0,1444.0,0.0,20.0,0.0,0.0,0.0,0.0,30.0,544.0,9.0,605.0,0.0,1298.0,41.0,40.0,57.0,0.0,0.0,0.0,0.0,151.0,39.0,0.0,56.0,0.0,0.0,989.0,398.0,1432.0,0.0,0.0,118.0,0.0,0.0,0.0,0.0,0.0,0.0,0.0,0.0,0.0,272.0,1.0,0.0,1.0,0.0,786.0,0.0,93.0,0.0,16.0,4.0,1.0,15.0,0.0,0.0,0.0,0.0,1377.0,1.0,26.0,0.0,142.0,0.0,0.0,159.0,42.0,0.0,0.0,77.0
11358,3468.0,4711.0,1220.0,0.0,17.0,0.0,0.0,2.0,0.0,21.0,855.0,14.0,709.0,0.0,1379.0,63.0,93.0,126.0,0.0,0.0,0.0,0.0,272.0,95.0,0.0,61.0,0.0,0.0,944.0,363.0,1213.0,0.0,0.0,300.0,1.0,0.0,0.0,4.0,0.0,0.0,0.0,0.0,0.0,211.0,3.0,0.0,2.0,0.0,599.0,0.0,90.0,0.0,18.0,11.0,0.0,38.0,0.0,0.0,0.0,0.0,1289.0,0.0,31.0,0.0,250.0,0.0,0.0,175.0,59.0,0.0,0.0,91.0
11359,6.0,11.0,0.0,0.0,0.0,0.0,0.0,0.0,0.0,0.0,3.0,0.0,3.0,0.0,3.0,0.0,0.0,1.0,0.0,0.0,0.0,0.0,0.0,0.0,0.0,0.0,0.0,0.0,3.0,0.0,0.0,0.0,0.0,0.0,0.0,0.0,0.0,0.0,0.0,0.0,0.0,0.0,0.0,0.0,0.0,0.0,0.0,0.0,1.0,0.0,0.0,0.0,0.0,0.0,0.0,0.0,0.0,0.0,0.0,0.0,3.0,0.0,0.0,0.0,0.0,0.0,0.0,0.0,0.0,0.0,0.0,0.0
11360,1368.0,1763.0,584.0,0.0,7.0,0.0,0.0,0.0,0.0,4.0,207.0,3.0,207.0,0.0,480.0,14.0,21.0,23.0,0.0,0.0,0.0,0.0,64.0,14.0,0.0,39.0,0.0,0.0,553.0,145.0,578.0,0.0,0.0,39.0,0.0,0.0,0.0,0.0,0.0,0.0,0.0,0.0,0.0,85.0,3.0,0.0,0.0,0.0,355.0,0.0,32.0,1.0,7.0,2.0,0.0,10.0,0.0,0.0,0.0,0.0,610.0,1.0,8.0,0.0,65.0,0.0,0.0,96.0,16.0,0.0,0.0,26.0
11361,3250.0,4978.0,1160.0,0.0,9.0,0.0,0.0,1.0,0.0,12.0,687.0,6.0,563.0,1.0,1539.0,45.0,131.0,139.0,0.0,0.0,1.0,1.0,197.0,144.0,0.0,57.0,0.0,0.0,981.0,319.0,1148.0,0.0,0.0,406.0,10.0,0.0,0.0,1.0,0.0,0.0,0.0,0.0,0.0,175.0,2.0,0.0,3.0,0.0,665.0,0.0,144.0,1.0,24.0,23.0,2.0,16.0,1.0,0.0,0.0,0.0,1347.0,0.0,46.0,0.0,228.0,0.0,0.0,181.0,33.0,0.0,0.0,99.0
11362,1723.0,2210.0,503.0,0.0,1.0,0.0,0.0,0.0,0.0,3.0,171.0,4.0,414.0,0.0,582.0,8.0,38.0,44.0,0.0,0.0,0.0,0.0,51.0,22.0,0.0,18.0,0.0,0.0,704.0,177.0,498.0,0.0,0.0,71.0,1.0,0.0,0.0,1.0,0.0,0.0,0.0,0.0,0.0,71.0,0.0,0.0,2.0,0.0,306.0,0.0,39.0,0.0,9.0,3.0,0.0,2.0,0.0,0.0,0.0,0.0,943.0,0.0,28.0,0.0,45.0,0.0,0.0,105.0,13.0,0.0,0.0,62.0
11363,641.0,765.0,213.0,0.0,2.0,0.0,0.0,1.0,0.0,1.0,95.0,1.0,155.0,0.0,252.0,7.0,21.0,14.0,0.0,0.0,0.0,0.0,38.0,11.0,0.0,4.0,0.0,1.0,186.0,71.0,211.0,0.0,0.0,22.0,0.0,0.0,0.0,2.0,0.0,0.0,0.0,0.0,0.0,29.0,1.0,0.0,0.0,0.0,104.0,0.0,24.0,1.0,1.0,3.0,1.0,2.0,0.0,0.0,0.0,0.0,248.0,0.0,3.0,0.0,28.0,0.0,0.0,57.0,5.0,0.0,0.0,17.0
11364,3054.0,3721.0,1031.0,0.0,15.0,0.0,1.0,0.0,0.0,14.0,446.0,5.0,647.0,1.0,1130.0,52.0,115.0,139.0,0.0,0.0,0.0,0.0,103.0,54.0,0.0,37.0,0.0,0.0,1111.0,316.0,1015.0,0.0,0.0,74.0,0.0,0.0,0.0,2.0,0.0,0.0,0.0,0.0,0.0,136.0,1.0,0.0,0.0,0.0,600.0,0.0,77.0,1.0,16.0,17.0,0.0,11.0,0.0,0.0,0.0,0.0,1155.0,0.0,32.0,0.0,207.0,0.0,0.0,203.0,19.0,0.0,1.0,53.0
11365,4001.0,6009.0,1512.0,0.0,22.0,0.0,0.0,0.0,0.0,18.0,805.0,9.0,841.0,0.0,1736.0,56.0,118.0,123.0,0.0,0.0,0.0,0.0,199.0,54.0,0.0,65.0,3.0,0.0,1152.0,617.0,1499.0,0.0,0.0,139.0,0.0,0.0,0.0,3.0,0.0,0.0,0.0,0.0,0.0,188.0,6.0,0.0,0.0,0.0,805.0,0.0,155.0,3.0,21.0,9.0,4.0,22.0,1.0,2.0,0.0,0.0,2149.0,1.0,65.0,0.0,325.0,0.0,0.0,165.0,45.0,0.0,0.0,97.0
11366,1399.0,1790.0,447.0,0.0,10.0,0.0,1.0,0.0,0.0,3.0,261.0,0.0,387.0,0.0,492.0,13.0,45.0,46.0,0.0,0.0,0.0,0.0,68.0,29.0,0.0,17.0,0.0,0.0,430.0,154.0,441.0,0.0,0.0,98.0,0.0,0.0,0.0,0.0,0.0,0.0,0.0,0.0,0.0,55.0,2.0,0.0,0.0,0.0,229.0,0.0,44.0,0.0,2.0,3.0,1.0,3.0,1.0,0.0,0.0,0.0,569.0,1.0,18.0,2.0,134.0,0.0,0.0,28.0,9.0,0.0,0.0,40.0
11367,4408.0,7385.0,2388.0,0.0,20.0,0.0,0.0,0.0,0.0,49.0,1451.0,3.0,644.0,0.0,1792.0,86.0,200.0,260.0,2.0,0.0,0.0,0.0,334.0,74.0,0.0,52.0,1.0,0.0,1296.0,524.0,2368.0,0.0,1.0,76.0,0.0,0.0,0.0,6.0,0.0,0.0,0.0,0.0,1.0,352.0,12.0,0.0,1.0,0.0,1164.0,0.0,276.0,2.0,32.0,12.0,4.0,26.0,0.0,5.0,0.0,0.0,2227.0,3.0,49.0,1.0,480.0,0.0,0.0,130.0,55.0,0.0,2.0,108.0
11368,13459.0,21506.0,4427.0,0.0,132.0,2.0,1.0,14.0,0.0,114.0,6492.0,37.0,2092.0,3.0,3578.0,507.0,1398.0,1165.0,3.0,0.0,3.0,2.0,2237.0,1017.0,0.0,256.0,3.0,4.0,2279.0,948.0,4326.0,0.0,0.0,939.0,1.0,2.0,1.0,20.0,0.0,0.0,0.0,1.0,1.0,802.0,36.0,3.0,16.0,0.0,2020.0,0.0,790.0,5.0,108.0,114.0,4.0,77.0,10.0,26.0,0.0,0.0,4334.0,11.0,246.0,7.0,2179.0,0.0,7.0,340.0,108.0,1.0,1.0,569.0
11369,6378.0,12644.0,2469.0,0.0,88.0,0.0,0.0,9.0,0.0,29.0,2201.0,16.0,873.0,2.0,2192.0,186.0,1599.0,977.0,0.0,0.0,2.0,0.0,793.0,213.0,0.0,172.0,1.0,3.0,1405.0,751.0,2428.0,1.0,1.0,513.0,0.0,0.0,0.0,5.0,0.0,0.0,0.0,0.0,0.0,491.0,15.0,1.0,10.0,0.0,1167.0,0.0,388.0,1.0,53.0,25.0,1.0,57.0,0.0,1.0,0.0,0.0,3009.0,3.0,132.0,1.0,704.0,0.0,1.0,196.0,447.0,0.0,0.0,328.0
11370,7009.0,8837.0,1272.0,0.0,22.0,0.0,0.0,1.0,0.0,100.0,1196.0,4.0,561.0,0.0,1541.0,82.0,597.0,230.0,0.0,0.0,0.0,1.0,1817.0,101.0,0.0,97.0,0.0,0.0,1053.0,552.0,1256.0,1.0,0.0,276.0,0.0,0.0,0.0,6.0,0.0,0.0,0.0,0.0,0.0,1680.0,3.0,0.0,4.0,0.0,791.0,0.0,2289.0,4.0,16.0,9.0,2.0,29.0,0.0,0.0,0.0,0.0,1946.0,1.0,55.0,1.0,380.0,38.0,0.0,128.0,78.0,0.0,0.0,170.0
11371,200.0,391.0,23.0,0.0,1.0,0.0,0.0,0.0,0.0,0.0,24.0,0.0,7.0,0.0,44.0,5.0,15.0,200.0,0.0,0.0,0.0,0.0,10.0,7.0,0.0,8.0,0.0,0.0,51.0,11.0,20.0,0.0,0.0,24.0,0.0,0.0,0.0,0.0,0.0,0.0,0.0,0.0,0.0,14.0,0.0,0.0,2.0,0.0,12.0,0.0,3.0,0.0,0.0,6.0,0.0,1.0,0.0,0.0,0.0,0.0,86.0,0.0,7.0,0.0,4.0,0.0,0.0,8.0,12.0,0.0,0.0,32.0
11372,10526.0,17753.0,3483.0,0.0,47.0,3.0,0.0,8.0,0.0,21.0,4151.0,22.0,1121.0,1.0,2623.0,463.0,1334.0,785.0,2.0,1.0,0.0,1.0,1206.0,1239.0,0.0,326.0,0.0,0.0,2933.0,514.0,3391.0,0.0,0.0,967.0,0.0,2.0,0.0,21.0,0.0,0.0,0.0,11.0,0.0,556.0,15.0,1.0,12.0,0.0,1629.0,0.0,705.0,3.0,91.0,119.0,3.0,106.0,3.0,31.0,0.0,1.0,4617.0,3.0,275.0,14.0,1651.0,0.0,0.0,303.0,73.0,0.0,0.0,358.0
11373,11906.0,22585.0,3307.0,0.0,61.0,0.0,0.0,1.0,0.0,73.0,3229.0,39.0,1868.0,0.0,2846.0,366.0,495.0,647.0,1.0,0.0,3.0,3.0,1131.0,350.0,0.0,152.0,1.0,1.0,4266.0,697.0,3279.0,0.0,0.0,391.0,0.0,1.0,0.0,8.0,0.0,0.0,0.0,0.0,0.0,442.0,21.0,1.0,6.0,0.0,1355.0,0.0,465.0,2.0,62.0,36.0,3.0,59.0,1.0,2.0,0.0,0.0,12570.0,6.0,179.0,5.0,1881.0,0.0,0.0,356.0,78.0,0.0,0.0,359.0
11374,4244.0,8877.0,1480.0,0.0,17.0,0.0,0.0,0.0,0.0,23.0,983.0,8.0,575.0,0.0,1368.0,48.0,187.0,99.0,0.0,0.0,0.0,0.0,278.0,92.0,0.0,61.0,1.0,0.0,1761.0,393.0,1473.0,0.0,0.0,240.0,1.0,0.0,0.0,5.0,0.0,0.0,0.0,0.0,0.0,188.0,2.0,0.0,5.0,0.0,853.0,0.0,151.0,1.0,16.0,12.0,1.0,27.0,0.0,3.0,0.0,0.0,4662.0,4.0,173.0,0.0,425.0,0.0,0.0,227.0,35.0,0.0,0.0,203.0
11375,6802.0,10476.0,2232.0,0.0,25.0,0.0,0.0,0.0,1.0,42.0,1290.0,9.0,1076.0,2.0,2483.0,73.0,175.0,144.0,0.0,0.0,0.0,0.0,348.0,134.0,0.0,118.0,0.0,0.0,2841.0,705.0,2207.0,1.0,0.0,191.0,0.0,0.0,0.0,3.0,0.0,0.0,0.0,0.0,0.0,245.0,6.0,1.0,5.0,0.0,1223.0,0.0,248.0,0.0,29.0,18.0,0.0,39.0,1.0,1.0,0.0,0.0,4311.0,4.0,103.0,0.0,600.0,0.0,0.0,433.0,35.0,0.0,2.0,338.0
11377,10434.0,17509.0,4282.0,0.0,65.0,0.0,0.0,2.0,0.0,44.0,3585.0,11.0,1777.0,1.0,4421.0,328.0,805.0,476.0,2.0,0.0,1.0,0.0,1026.0,257.0,0.0,143.0,3.0,11.0,2729.0,1214.0,4245.0,0.0,2.0,699.0,0.0,0.0,0.0,22.0,0.0,0.0,0.0,0.0,0.0,712.0,19.0,0.0,8.0,0.0,1694.0,0.0,461.0,1.0,75.0,52.0,21.0,73.0,1.0,10.0,0.0,0.0,4947.0,9.0,151.0,13.0,1235.0,0.0,0.0,433.0,93.0,0.0,0.0,348.0
11378,4693.0,8715.0,1965.0,0.0,34.0,1.0,0.0,0.0,1.0,68.0,1316.0,10.0,979.0,1.0,2987.0,108.0,205.0,173.0,1.0,0.0,3.0,0.0,363.0,78.0,0.0,118.0,1.0,0.0,1151.0,756.0,1948.0,0.0,1.0,308.0,0.0,0.0,0.0,4.0,0.0,0.0,0.0,0.0,0.0,314.0,4.0,0.0,7.0,0.0,929.0,0.0,259.0,0.0,28.0,18.0,1.0,35.0,0.0,1.0,0.0,0.0,2303.0,5.0,51.0,1.0,319.0,0.0,0.0,188.0,83.0,0.0,0.0,212.0
11379,3124.0,6355.0,1448.0,0.0,28.0,0.0,0.0,0.0,0.0,25.0,769.0,0.0,550.0,0.0,1944.0,55.0,143.0,98.0,1.0,0.0,0.0,0.0,207.0,48.0,0.0,106.0,0.0,1.0,948.0,499.0,1438.0,1.0,3.0,181.0,1.0,0.0,0.0,0.0,0.0,0.0,1.0,0.0,0.0,170.0,5.0,0.0,1.0,0.0,742.0,0.0,158.0,1.0,13.0,7.0,0.0,23.0,1.0,0.0,0.0,0.0,2187.0,3.0,17.0,1.0,185.0,0.0,0.0,191.0,57.0,0.0,0.0,118.0
11385,14852.0,28131.0,6361.0,1.0,143.0,0.0,2.0,3.0,0.0,91.0,4859.0,12.0,2422.0,4.0,8358.0,452.0,1258.0,1114.0,6.0,1.0,2.0,1.0,1452.0,410.0,0.0,291.0,2.0,1.0,3329.0,1637.0,6298.0,0.0,1.0,646.0,0.0,0.0,0.0,5.0,0.0,0.0,0.0,0.0,0.0,960.0,27.0,0.0,14.0,0.0,3044.0,0.0,1026.0,8.0,120.0,54.0,3.0,87.0,0.0,14.0,0.0,0.0,7535.0,12.0,278.0,6.0,2165.0,0.0,0.0,514.0,188.0,0.0,0.0,488.0
11411,2830.0,3389.0,976.0,0.0,38.0,0.0,1.0,0.0,0.0,19.0,821.0,0.0,460.0,0.0,876.0,44.0,97.0,188.0,0.0,0.0,0.0,1.0,297.0,108.0,0.0,40.0,1.0,0.0,467.0,334.0,964.0,0.0,0.0,70.0,0.0,0.0,0.0,4.0,0.0,0.0,0.0,0.0,0.0,256.0,13.0,1.0,1.0,0.0,486.0,0.0,83.0,1.0,15.0,3.0,0.0,6.0,1.0,1.0,0.0,0.0,896.0,2.0,45.0,0.0,343.0,0.0,0.0,72.0,38.0,0.0,0.0,102.0
11412,6996.0,8316.0,2294.0,0.0,148.0,0.0,0.0,0.0,0.0,54.0,2354.0,9.0,1098.0,3.0,1979.0,125.0,265.0,648.0,0.0,1.0,0.0,0.0,952.0,321.0,0.0,101.0,1.0,2.0,963.0,605.0,2271.0,0.0,1.0,176.0,0.0,0.0,0.0,7.0,0.0,0.0,0.0,0.0,0.0,806.0,33.0,0.0,4.0,1.0,1105.0,0.0,205.0,2.0,53.0,16.0,3.0,12.0,2.0,4.0,0.0,2.0,1721.0,2.0,156.0,1.0,826.0,0.0,0.0,197.0,119.0,0.0,1.0,251.0
11413,7526.0,9062.0,2479.0,0.0,153.0,0.0,1.0,0.0,1.0,70.0,2312.0,5.0,1141.0,2.0,2327.0,110.0,165.0,506.0,2.0,0.0,1.0,0.0,953.0,244.0,0.0,111.0,1.0,0.0,1185.0,814.0,2459.0,0.0,1.0,129.0,0.0,1.0,0.0,16.0,0.0,0.0,0.0,0.0,0.0,710.0,32.0,0.0,6.0,0.0,1303.0,0.0,218.0,1.0,47.0,11.0,1.0,19.0,0.0,4.0,0.0,0.0,2284.0,2.0,122.0,0.0,1050.0,0.0,0.0,221.0,105.0,0.0,1.0,220.0
11414,3208.0,4630.0,1357.0,0.0,24.0,0.0,0.0,0.0,0.0,49.0,581.0,1.0,425.0,0.0,1337.0,45.0,124.0,122.0,0.0,0.0,0.0,0.0,189.0,35.0,0.0,92.0,0.0,1.0,911.0,489.0,1345.0,0.0,0.0,92.0,0.0,0.0,0.0,3.0,0.0,0.0,0.0,0.0,0.0,214.0,7.0,0.0,3.0,0.0,724.0,0.0,143.0,2.0,23.0,6.0,0.0,11.0,0.0,0.0,0.0,0.0,1642.0,6.0,32.0,0.0,208.0,0.0,0.0,188.0,34.0,0.0,0.0,87.0
11415,1837.0,2964.0,799.0,0.0,10.0,0.0,0.0,0.0,0.0,8.0,433.0,2.0,293.0,0.0,745.0,35.0,57.0,50.0,0.0,0.0,0.0,1.0,223.0,38.0,0.0,17.0,0.0,0.0,479.0,274.0,785.0,0.0,0.0,79.0,0.0,0.0,0.0,1.0,0.0,0.0,0.0,0.0,0.0,188.0,1.0,0.0,0.0,0.0,378.0,0.0,119.0,2.0,3.0,5.0,0.0,18.0,0.0,1.0,0.0,0.0,1020.0,1.0,21.0,0.0,143.0,0.0,0.0,98.0,20.0,0.0,0.0,52.0
11416,3880.0,6419.0,1587.0,0.0,47.0,0.0,0.0,0.0,0.0,35.0,1335.0,4.0,635.0,0.0,1598.0,91.0,97.0,258.0,0.0,0.0,2.0,0.0,402.0,62.0,0.0,31.0,0.0,1.0,741.0,520.0,1570.0,0.0,0.0,114.0,0.0,0.0,0.0,5.0,0.0,0.0,0.0,0.0,0.0,419.0,8.0,0.0,0.0,0.0,675.0,0.0,168.0,0.0,16.0,8.0,4.0,18.0,1.0,3.0,0.0,0.0,2109.0,5.0,64.0,0.0,593.0,0.0,0.0,107.0,51.0,0.0,0.0,89.0
11417,5177.0,7732.0,2249.0,1.0,34.0,0.0,0.0,4.0,0.0,62.0,1558.0,7.0,769.0,0.0,2088.0,86.0,229.0,267.0,1.0,0.0,1.0,2.0,437.0,105.0,0.0,97.0,2.0,0.0,1078.0,681.0,2217.0,0.0,0.0,212.0,0.0,0.0,0.0,10.0,0.0,0.0,0.0,0.0,0.0,409.0,7.0,0.0,1.0,0.0,930.0,0.0,241.0,2.0,37.0,19.0,30.0,21.0,0.0,5.0,0.0,0.0,2244.0,7.0,71.0,0.0,779.0,0.0,0.0,159.0,45.0,0.0,0.0,203.0
11418,5980.0,9815.0,2728.0,0.0,52.0,0.0,0.0,0.0,0.0,36.0,2436.0,6.0,778.0,1.0,2355.0,163.0,139.0,370.0,2.0,0.0,0.0,2.0,842.0,131.0,0.0,59.0,0.0,0.0,1314.0,716.0,2709.0,0.0,1.0,735.0,0.0,1.0,0.0,12.0,0.0,1.0,0.0,0.0,0.0,594.0,21.0,0.0,6.0,0.0,1081.0,0.0,215.0,2.0,39.0,8.0,1.0,45.0,1.0,1.0,0.0,0.0,2345.0,1.0,80.0,0.0,791.0,0.0,0.0,180.0,67.0,0.0,1.0,183.0
11419,7942.0,11404.0,3702.0,0.0,98.0,2.0,0.0,2.0,0.0,71.0,2970.0,8.0,1178.0,2.0,2785.0,169.0,180.0,363.0,2.0,3.0,1.0,1.0,1061.0,142.0,0.0,84.0,0.0,4.0,1307.0,826.0,3664.0,0.0,2.0,570.0,0.0,0.0,0.0,14.0,0.0,0.0,0.0,0.0,0.0,829.0,19.0,0.0,5.0,0.0,1687.0,0.0,392.0,4.0,31.0,24.0,50.0,37.0,2.0,4.0,0.0,0.0,2458.0,4.0,93.0,0.0,1441.0,0.0,0.0,194.0,59.0,0.0,0.0,206.0
11420,7811.0,10682.0,3230.0,0.0,102.0,0.0,0.0,0.0,1.0,67.0,2286.0,6.0,1235.0,0.0,2817.0,278.0,253.0,346.0,2.0,2.0,3.0,0.0,729.0,125.0,0.0,95.0,0.0,1.0,1571.0,1141.0,3200.0,0.0,0.0,268.0,0.0,0.0,0.0,9.0,0.0,0.0,0.0,0.0,0.0,517.0,19.0,1.0,1.0,0.0,1474.0,0.0,315.0,4.0,48.0,17.0,69.0,26.0,3.0,8.0,0.0,0.0,3024.0,5.0,77.0,4.0,1010.0,0.0,0.0,238.0,99.0,0.0,0.0,227.0
11421,5374.0,7667.0,2023.0,0.0,47.0,0.0,0.0,0.0,0.0,48.0,1551.0,13.0,940.0,0.0,1959.0,112.0,206.0,431.0,0.0,0.0,1.0,0.0,513.0,120.0,0.0,48.0,0.0,0.0,951.0,783.0,2011.0,0.0,1.0,319.0,0.0,0.0,0.0,8.0,0.0,0.0,0.0,0.0,0.0,463.0,11.0,0.0,3.0,0.0,837.0,0.0,185.0,1.0,25.0,6.0,0.0,29.0,1.0,0.0,0.0,0.0,2201.0,8.0,79.0,2.0,770.0,0.0,0.0,182.0,50.0,0.0,0.0,149.0
11422,4593.0,5109.0,1643.0,0.0,101.0,0.0,0.0,0.0,0.0,39.0,1363.0,3.0,746.0,1.0,1375.0,45.0,84.0,240.0,0.0,0.0,0.0,0.0,458.0,160.0,0.0,68.0,2.0,0.0,811.0,612.0,1627.0,0.0,0.0,96.0,0.0,0.0,0.0,1.0,0.0,0.0,0.0,0.0,0.0,401.0,14.0,0.0,5.0,0.0,913.0,0.0,106.0,0.0,21.0,7.0,2.0,16.0,0.0,4.0,0.0,0.0,1022.0,3.0,66.0,0.0,560.0,0.0,0.0,150.0,80.0,0.0,0.0,143.0
11423,4483.0,6047.0,1853.0,0.0,54.0,0.0,0.0,2.0,0.0,47.0,1465.0,4.0,737.0,2.0,1483.0,62.0,176.0,264.0,0.0,0.0,0.0,0.0,557.0,103.0,0.0,47.0,1.0,1.0,859.0,491.0,1843.0,0.0,0.0,173.0,0.0,0.0,0.0,10.0,0.0,0.0,0.0,0.0,1.0,324.0,11.0,0.0,5.0,0.0,1019.0,0.0,272.0,2.0,21.0,14.0,3.0,11.0,0.0,2.0,0.0,0.0,1218.0,0.0,50.0,0.0,696.0,0.0,0.0,167.0,43.0,0.0,0.0,143.0
11426,2197.0,2647.0,724.0,0.0,12.0,0.0,0.0,0.0,0.0,14.0,482.0,1.0,471.0,0.0,938.0,22.0,65.0,46.0,1.0,0.0,2.0,0.0,139.0,32.0,0.0,35.0,0.0,0.0,573.0,212.0,712.0,0.0,0.0,61.0,0.0,0.0,0.0,1.0,0.0,0.0,0.0,0.0,0.0,158.0,1.0,0.0,2.0,0.0,433.0,0.0,43.0,0.0,7.0,0.0,0.0,8.0,0.0,3.0,0.0,0.0,735.0,2.0,14.0,0.0,187.0,0.0,0.0,86.0,16.0,0.0,0.0,54.0
11427,2610.0,3446.0,1006.0,0.0,14.0,0.0,0.0,1.0,0.0,12.0,699.0,0.0,415.0,0.0,1003.0,50.0,78.0,94.0,1.0,0.0,0.0,0.0,196.0,26.0,0.0,46.0,0.0,0.0,648.0,308.0,1001.0,0.0,0.0,86.0,0.0,0.0,0.0,3.0,0.0,0.0,0.0,0.0,0.0,158.0,2.0,0.0,0.0,0.0,577.0,0.0,68.0,0.0,8.0,4.0,0.0,9.0,0.0,1.0,0.0,0.0,869.0,0.0,25.0,0.0,457.0,0.0,0.0,80.0,25.0,0.0,0.0,98.0
11428,2251.0,2946.0,914.0,0.0,37.0,0.0,0.0,1.0,0.0,17.0,649.0,0.0,384.0,0.0,895.0,36.0,51.0,88.0,1.0,0.0,0.0,0.0,202.0,52.0,0.0,53.0,1.0,0.0,430.0,232.0,903.0,0.0,0.0,54.0,0.0,0.0,0.0,6.0,0.0,0.0,0.0,0.0,0.0,211.0,7.0,0.0,0.0,0.0,589.0,0.0,94.0,0.0,8.0,6.0,2.0,7.0,1.0,2.0,0.0,0.0,618.0,0.0,36.0,0.0,266.0,0.0,0.0,83.0,27.0,0.0,0.0,62.0
11429,4322.0,5619.0,1582.0,0.0,91.0,0.0,0.0,0.0,0.0,36.0,1446.0,2.0,647.0,0.0,1384.0,65.0,129.0,272.0,2.0,0.0,0.0,0.0,515.0,172.0,0.0,55.0,0.0,0.0,692.0,480.0,1561.0,0.0,0.0,90.0,0.0,0.0,0.0,3.0,0.0,0.0,0.0,0.0,0.0,436.0,19.0,0.0,4.0,0.0,920.0,0.0,155.0,0.0,20.0,7.0,1.0,27.0,0.0,2.0,0.0,0.0,1353.0,4.0,70.0,0.0,535.0,0.0,0.0,115.0,58.0,0.0,0.0,155.0
11430,578.0,918.0,46.0,0.0,2.0,0.0,0.0,0.0,1.0,3.0,61.0,0.0,11.0,0.0,107.0,82.0,32.0,110.0,0.0,0.0,0.0,0.0,16.0,17.0,0.0,5.0,7.0,0.0,330.0,17.0,39.0,0.0,1.0,32.0,0.0,0.0,0.0,0.0,0.0,0.0,0.0,0.0,0.0,52.0,1.0,0.0,34.0,0.0,30.0,0.0,28.0,0.0,3.0,3.0,0.0,3.0,2.0,2.0,0.0,0.0,397.0,0.0,6.0,1.0,13.0,0.0,0.0,21.0,12.0,0.0,0.0,61.0
11432,12114.0,19164.0,5071.0,0.0,77.0,0.0,0.0,3.0,0.0,55.0,4029.0,16.0,1358.0,2.0,3443.0,336.0,625.0,1302.0,4.0,0.0,1.0,3.0,1185.0,717.0,0.0,293.0,40.0,6.0,3067.0,696.0,5006.0,0.0,3.0,410.0,0.0,10.0,0.0,23.0,0.0,0.0,0.0,0.0,4.0,827.0,19.0,1.0,9.0,0.0,2075.0,0.0,921.0,12.0,63.0,139.0,30.0,59.0,4.0,16.0,0.0,0.0,6010.0,2.0,304.0,0.0,2423.0,0.0,0.0,330.0,76.0,0.0,1.0,314.0
11433,11070.0,16573.0,3890.0,0.0,155.0,0.0,0.0,1.0,0.0,104.0,3621.0,35.0,1277.0,3.0,3151.0,257.0,1593.0,1540.0,2.0,0.0,1.0,1.0,1500.0,540.0,0.0,201.0,2.0,26.0,1705.0,721.0,3829.0,0.0,1.0,230.0,0.0,5.0,0.0,14.0,0.0,0.0,0.0,0.0,0.0,1128.0,65.0,0.0,12.0,0.0,1557.0,0.0,777.0,2.0,65.0,68.0,5.0,42.0,1.0,21.0,0.0,1.0,4607.0,3.0,366.0,7.0,1550.0,0.0,65.0,230.0,122.0,0.0,0.0,324.0
11434,13592.0,18426.0,4475.0,0.0,212.0,2.0,1.0,0.0,1.0,97.0,4637.0,11.0,1733.0,9.0,3988.0,298.0,473.0,1276.0,1.0,0.0,0.0,0.0,1893.0,654.0,0.0,188.0,4.0,4.0,2242.0,1174.0,4432.0,0.0,0.0,521.0,0.0,0.0,0.0,22.0,0.0,0.0,0.0,0.0,0.0,1605.0,44.0,0.0,22.0,0.0,2168.0,0.0,450.0,4.0,103.0,34.0,1.0,57.0,0.0,8.0,0.0,0.0,4441.0,11.0,323.0,3.0,1626.0,0.0,0.0,411.0,327.0,0.0,0.0,982.0
11435,9927.0,13437.0,3611.0,0.0,101.0,0.0,0.0,5.0,0.0,81.0,3119.0,14.0,1272.0,3.0,2971.0,187.0,890.0,980.0,2.0,1.0,1.0,0.0,1267.0,460.0,0.0,109.0,1.0,5.0,1863.0,999.0,3567.0,0.0,0.0,259.0,1.0,1.0,0.0,12.0,0.0,0.0,0.0,0.0,1.0,729.0,44.0,0.0,8.0,0.0,1440.0,0.0,565.0,4.0,36.0,44.0,18.0,31.0,0.0,7.0,0.0,0.0,3546.0,4.0,178.0,3.0,1485.0,0.0,16.0,248.0,95.0,0.0,0.0,302.0
11436,4639.0,5551.0,1267.0,0.0,74.0,0.0,0.0,0.0,0.0,45.0,1441.0,4.0,725.0,1.0,1374.0,114.0,224.0,384.0,0.0,0.0,0.0,0.0,565.0,130.0,0.0,73.0,1.0,0.0,752.0,458.0,1257.0,0.0,0.0,102.0,1.0,0.0,0.0,8.0,0.0,0.0,0.0,0.0,0.0,563.0,17.0,0.0,7.0,0.0,610.0,0.0,141.0,1.0,28.0,5.0,0.0,34.0,0.0,1.0,0.0,0.0,1333.0,5.0,73.0,0.0,587.0,0.0,0.0,86.0,97.0,0.0,0.0,136.0
11691,10683.0,18504.0,5974.0,1.0,100.0,0.0,3.0,0.0,0.0,130.0,4464.0,22.0,1360.0,5.0,4807.0,377.0,780.0,1511.0,6.0,0.0,2.0,0.0,1765.0,221.0,0.0,202.0,1.0,2.0,1476.0,562.0,5926.0,0.0,0.0,438.0,0.0,0.0,0.0,22.0,0.0,0.0,0.0,0.0,1.0,1741.0,58.0,1.0,24.0,0.0,2485.0,0.0,622.0,2.0,57.0,31.0,1.0,35.0,5.0,25.0,0.0,0.0,3965.0,5.0,146.0,2.0,1213.0,0.0,1.0,211.0,144.0,0.0,3.0,200.0
11692,3050.0,4969.0,1771.0,0.0,48.0,0.0,0.0,0.0,0.0,36.0,1421.0,3.0,356.0,0.0,1209.0,235.0,237.0,354.0,1.0,0.0,1.0,0.0,573.0,72.0,0.0,56.0,0.0,0.0,340.0,111.0,1742.0,0.0,0.0,64.0,0.0,0.0,0.0,6.0,0.0,0.0,0.0,0.0,0.0,603.0,10.0,0.0,10.0,0.0,682.0,0.0,170.0,2.0,23.0,9.0,8.0,17.0,0.0,9.0,0.0,0.0,806.0,0.0,51.0,0.0,343.0,0.0,0.0,101.0,26.0,0.0,0.0,55.0
11693,2669.0,4676.0,1497.0,0.0,27.0,0.0,0.0,0.0,0.0,32.0,1141.0,0.0,263.0,0.0,1052.0,174.0,409.0,207.0,4.0,0.0,1.0,0.0,423.0,62.0,0.0,51.0,0.0,1.0,400.0,85.0,1440.0,1.0,0.0,126.0,0.0,0.0,0.0,10.0,0.0,0.0,0.0,0.0,0.0,619.0,13.0,0.0,5.0,0.0,559.0,0.0,178.0,4.0,45.0,17.0,8.0,12.0,1.0,7.0,0.0,0.0,1010.0,1.0,29.0,1.0,212.0,0.0,0.0,134.0,34.0,0.0,0.0,44.0
11694,2184.0,4186.0,1409.0,0.0,21.0,0.0,0.0,1.0,1.0,16.0,971.0,3.0,337.0,0.0,950.0,65.0,141.0,97.0,0.0,0.0,0.0,0.0,260.0,33.0,0.0,63.0,0.0,1.0,551.0,70.0,1375.0,0.0,0.0,116.0,1.0,0.0,0.0,2.0,0.0,0.0,0.0,0.0,0.0,332.0,3.0,0.0,2.0,0.0,502.0,0.0,74.0,2.0,19.0,7.0,2.0,14.0,0.0,1.0,0.0,0.0,1342.0,2.0,48.0,0.0,148.0,0.0,0.0,139.0,22.0,0.0,0.0,45.0
11697,302.0,346.0,100.0,0.0,0.0,0.0,0.0,0.0,0.0,0.0,44.0,0.0,67.0,0.0,83.0,13.0,6.0,4.0,0.0,0.0,0.0,0.0,7.0,0.0,0.0,48.0,0.0,0.0,94.0,3.0,99.0,0.0,0.0,18.0,0.0,0.0,0.0,1.0,0.0,0.0,0.0,0.0,0.0,20.0,0.0,0.0,0.0,0.0,42.0,0.0,1.0,0.0,3.0,1.0,0.0,4.0,0.0,0.0,0.0,0.0,98.0,0.0,0.0,0.0,1.0,0.0,0.0,89.0,1.0,0.0,0.0,1.0
